pdbid,sequence,pk,drug_name,SMILES
1a8i,SRPLSDQEKRKQISVRGLAGVENVTELKKNFNRHLHFTLVKDRNVATPRDYYFALAHTVRDHLVGRWIRTQQHYYEKDPKRIYYLSLEFYMGRTLQNTMVNLALENACDEATYQLGLDMEELEEIEEDAGLGNGGLGRLAACFLDSMATLGLAAYGYGIRYEFGIFNQKICGGWQMEEADDWLRYGNPWEKARPEFTLPVHFYGRVEHTSQGAKWVDTQVVLAMPYDTPVPGYRNNVVNTMRLWSAKAPNDFNLKDFNVGGYIQAVLDRNLAENISRVLYPNDNFFEGKELRLKQEYFVVAATLQDIIRRFKSSKFGCRDPVRTNFDAFPDKVAIQLNDTHPSLAIPELMRVLVDLERLDWDKAWEVTVKTCAYTNHTVIPEALERWPVHLLETLLPRHLQIIYEINQRFLNRVAAAFPGDVDRLRRMSLVEEGAVKRINMAHLCIAGSHAVNGVARIHSEILKKTIFKDFYELEPHKFQNKTNGITPRRWLVLCNPGLAEIIAERIGEEYISDLDQLRKLLSYVDDEAFIRDVAKVKQENKLKFAAYLEREYKVHINPNSLFDVQVKRIHEYKRQLLNCLHVITLYNRIKKEPNKFVVPRTVMIGGKAAPGYHMAKMIIKLITAIGDVVNHDPVVGDRLRVIFLENYRVSLAEKVIPAADLSEQISTAGTEASGTGNMKFMLNGALTIGTMDGANVEMAEEAGEENFFIFGMRVEDVDRLDQRGYNAQEYYDRIPELRQIIEQLSSGFFSPKQPDLFKDIVNMLMHHDRFKVFADYEEYVKCQERVSALYKNPREWTRMVIRNIATSGKFSSDRTIAQYAREIWGVEPSRQRLPAPDEKIP,5.52,GLS,C([C@@H]1[C@H]([C@@H]([C@H]([C@]2(O1)C(=O)NC(=O)N2)O)O)O)O
1b6m,PQITLWKRPLVTIRIGGQLKEALLDTGADDTVIEEMNLPGKWKPKMIGGIGGFIKVRQYDQIPVEIAGHKAIGTVLVGPTPVNIIGRNLLTQIGATLNF,8.4,PI6,CC[C@H](C)[C@H]1C(=O)NCCCOc2ccc(cc2)C[C@@H](C(=O)N1)NC[C@H]([C@H](Cc3ccccc3)NC(=O)OC(C)(C)C)O
1g2k,PQITLWQRPLVTIKIGGQLKEALLDTGADDTVLEEMSLPGRWKPKMIGGIGGFIKVRQYDQILIEICGHKAIGTVLVGPTPVNIIGRNLLTQIGCTLNF,7.96,NM1,CNC(=O)c1cccc(c1)C[N@@]2[C@@H]([C@@H]([C@H]([C@H]([N@](S2(=O)=O)Cc3ccccc3)COc4ccccc4)O)O)COc5ccccc5
1gj8,KPSSPPEELKFQCGQKTLRPRFKIIGGEFTTIENQPWFAAIYRRHRGGSVTYVCGGSLMSPCWVISATHCFIDYPKKEDYIVYLGRSRLNSNTQGEMKFEVENLILHKDYSADTLAHHNDIALLKIRSKEGRCAQPSRTIQTICLPSMYNDPQFGTSCEITGFGKEASTDYLYPEQLKMTVVKLISHRECQQPHYYGSEVTTKMLCAADPQWKTDSCQGDSGGPLVCSLQGRMTLTGIVSWGRGCALKDKPGVYTRVSHFLPWIRSHTKEENGLAL,6.96,133,[H]/N=C(c1cc2c(cc1F)[nH]c(n2)c3cccc(c3O)OCC(C)C)/N
1gjd,KPSSPPEELKFQCGQKTLRPRFKIIGGEFTTIENQPWFAAIYRRHRGGSVTYVCGGSLMSPCWVISATHCFIDYPKKEDYIVYLGRSRLNSNTQGEMKFEVENLILHKDYSADTLAHHNDIALLKIRSKEGRCAQPSRTIQTICLPSMYNDPQFGTSCEITGFGKEASTDYLYPEQLKMTVVKLISHRECQQPHYYGSEVTTKMLCAADPQWKTDSCQGDSGGPLVCSLQGRMTLTGIVSWGRGCALKDKPGVYTRVSHFLPWIRSHTKEENGLAL,5.22,136,[H]/N=C(c1ccc(cc1Cl)NC(=O)c2cc(cc(c2O)I)C)/N
1gpk,DDHSELLVNTKSGKVMGTRVPVLSSHISAFLGIPFAEPPVGNMRFRRPEPKKPWSGVWNASTYPNNCQQYVDEQFPGFSGSEMWNPNREMSEDCLYLNIWVPSPRPKSTTVMVWIYGGGFYSGSSTLDVYNGKYLAYTEEVVLVSLSYRVGAFGFLALHGSQEAPGNVGLLDQRMALQWVHDNIQFFGGDPKTVTIFGESAGGASVGMHILSPGSRDLFRRAILQSGSPNCPWASVSVAEGRRRAVELGRNLNCNLNSDEELIHCLREKKPQELIDVEWNVLPFDSIFRFSFVPVIDGEFFPTSLESMLNSGNFKKTQILLGVNKDEGSFFLLYGAPGFSKDSESKISREDFMSGVKLSVPHANDLGLDAVTLQYTDWMDDNNGIKNRDGLDDIVGDHNVICPLMHFVNKYTKFGNGTYLYFFNHRASNLVWPEWMGVIHGYEIEFVFGLPLVKELNYTAEEEALSRRIMHYWATFAKTGNPNEPHSQESKWPLFTTKEQKFIDLNTEPMKVHQRLRVQMCVFWNQFLPKLLNATAC,5.37,HUP,C/C=C/1[C@@H]2CC3=C([C@]1(CC(=C2)C)N)C=CC(=O)N3
1gz9,VETISFSFSEFEPGNDNLTLQGAALITQSGVLQLTKINQNGMPAWDSTGRTLYTKPVHMWDSTTGTVASFETRFSFSIEQPYTRPLPADGLVFFMGPTKSKPAQGYGYLGVFNNSKQDNSYQTLAVEFDTFSNPWDPPQVPHIGIDVNSIRSIKTQPFQLDNGQVANVVIKYDAPSKILHVVLVYPSSGAIYTIAEIVDVKQVLPDWVDVGLSGATGAQRDAAETHDVYSWSFQASLPE,3.51,FUC-LAT,C[C@@H]1O[C@@H](O[C@H]2[C@H](O[C@@H]3[C@@H](CO)O[C@@H](O)[C@H](O)[C@H]3O)O[C@H](CO)[C@H](O)[C@@H]2O)[C@@H](O)[C@H](O)[C@@H]1O
1gzc,VETISFSFSEFEPGNDNLTLQGAALITQSGVLQLTKINQNGMPAWDSTGRTLYTKPVHMWDSTTGTVASFETRFSFSIEQPYTRPLPADGLVFFMGPTKSKPAQGYGYLGVFNNSKQDNSYQTLAVEFDTFSNPWDPPQVPHIGIDVNSIRSIKTQPFQLDNGQVANVVIKYDAPSKILHVVLVYPSSGAIYTIAEIVDVKQVLPDWVDVGLSGATGAQRDAAETHDVYSWSFQASLPE,3.49,LAT,C([C@@H]1[C@@H]([C@@H]([C@H]([C@@H](O1)O[C@@H]2[C@H](O[C@H]([C@@H]([C@H]2O)O)O)CO)O)O)O)O
1h22,DDHSELLVNTKSGKVMGTRVPVLSSHISAFLGIPFAEPPVGNMRFRRPEPKKPWSGVWNASTYPNNCQQYVDEQFPGFSGSEMWNPNREMSEDCLYLNIWVPSPRPKSTTVMVWIYGGGFYSGSSTLDVYNGKYLAYTEEVVLVSLSYRVGAFGFLALHGSQEAPGNVGLLDQRMALQWVHDNIQFFGGDPKTVTIFGESAGGASVGMHILSPGSRDLFRRAILQSGSPNCPWASVSVAEGRRRAVELGRNLNCNLNSDEELIHCLREKKPQELIDVEWNVLPFDSIFRFSFVPVIDGEFFPTSLESMLNSGNFKKTQILLGVNKDEGSFFLLYGAPGFSKDSESKISREDFMSGVKLSVPHANDLGLDAVTLQYTDWMDDNNGIKNRDGLDDIVGDHNVICPLMHFVNKYTKFGNGTYLYFFNHRASNLVWPEWMGVIHGYEIEFVFGLPLVKELNYTAEEEALSRRIMHYWATFAKTGNPNEPHSQESKWPLFTTKEQKFIDLNTEPMKVHQRLRVQMCVFWNQFLPKLLNATACDGELSS,9.1,E10,C1C[C@@H](C2=C(C1)NC(=O)C=C2)NCCCCCCCCCCN[C@H]3CCCC4=C3C=CC(=O)N4
1h23,DDHSELLVNTKSGKVMGTRVPVLSSHISAFLGIPFAEPPVGNMRFRRPEPKKPWSGVWNASTYPNNCQQYVDEQFPGFSGSEMWNPNREMSEDCLYLNIWVPSPRPKSTTVMVWIYGGGFYSGSSTLDVYNGKYLAYTEEVVLVSLSYRVGAFGFLALHGSQEAPGNVGLLDQRMALQWVHDNIQFFGGDPKTVTIFGESAGGASVGMHILSPGSRDLFRRAILQSGSPNCPWASVSVAEGRRRAVELGRNLNCNLNSDEELIHCLREKKPQELIDVEWNVLPFDSIFRFSFVPVIDGEFFPTSLESMLNSGNFKKTQILLGVNKDEGSFFLLYGAPGFSKDSESKISREDFMSGVKLSVPHANDLGLDAVTLQYTDWMDDNNGIKNRDGLDDIVGDHNVICPLMHFVNKYTKFGNGTYLYFFNHRASNLVWPEWMGVIHGYEIEFVFGLPLVKELNYTAEEEALSRRIMHYWATFAKTGNPNEPHSQESKWPLFTTKEQKFIDLNTEPMKVHQRLRVQMCVFWNQFLPKLLNATACDGELSS,8.35,E12,C1C[C@@H](C2=C(C1)NC(=O)C=C2)NCCCCCCCCCCCCN[C@H]3CCCC4=C3C=CC(=O)N4
1ha2,DAHKSEVAHRFKDLGEENFKALVLIAFAQYLQQCPFEDHVKLVNEVTEFAKTCVADESAENCDKSLHTLFGDKLCTVATLRETYGEMADCCAKQEPERNECFLQHKDDNPNLPRLVRPEVDVMCTAFHDNEETFLKKYLYEIARRHPYFYAPELLFFAKRYKAAFTECCQAADKAACLLPKLDELRDEGKASSAKQRLKCASLQKFGERAFKAWAVARLSQRFPKAEFAEVSKLVTDLTKVHTECCHGDLLECADDRADLAKYICENQDSISSKLKECCEKPLLEKSHCIAEVENDEMPADLPSLAADFVESKDVCKNYAEAKDVFLGMFLYEYARRHPDYSVVLLLRLAKTYETTLEKCCAAADPHECYAKVFDEFKPLVEEPQNLIKQNCELFEQLGEYKFQNALLVRYTKKVPQVSTPTLVEVSRNLGKVGSKCCKHPEAKRMPCAEDYLSVVLNQLCVLHEKTPVSDRVTKCCTESLVNRRPCFSALEVDETYVPKEFNAETFTFHADICTLSEKERQIKKQTALVELVKHKPKATKEQLKAVMDDFAAFVEKCCKADDKETCFAEEGKKLVAASQAALGL,5.54,SWF,CC(=O)C[C@@H](c1ccccc1)C2=C(c3ccccc3OC2=O)O
1hnn,MSGADRSPNAGAAPDSAPGQAAVASAYQRFEPRAYLRNNYAPPRGDLCNPNGVGPWKLRCLAQTFATGEVSGRTLIDIGSGPTVYQLLSACSHFEDITMTDFLEVNRQELGRWLQEEPGAFNWSMYSQHACLIEGKGECWQDKERQLRARVKRVLPIDVHQPQPLGAGSPAPLPADALVSAFCLEAVSPDLASFQRALDHITTLLRPGGHLLLIGALEESWYLAGEARLTVVPVSEEEVREALVRSGYKVRDLRTYIMPAHLQTGVDDVKGVFFAWAQKVGL,6.24,SKF,c1cc2c(cc1S(=O)(=O)N)CNCC2
1nc1,FQGAMDPEFSMKIGIIGAMEEEVTLLRDKIENRQTISLGGCEIYTGQLNGTEVALLKSGIGKVAAALGATLLLEHCKPDVIINTGSAGGLAPTLKVGDIVVSDEARYHDADVTAFGYEYGQLPGCPAGFKADDKLIAAAEACIAELNLNAVRGLIVSGDAFINGSVGLAKIRHNFPQAIAVEMEATAIAHVCHNFNVPFVVVRAISDVADQQSHLSFDEFLAVAAKQSSLMVESLVQKLAHG,6.12,MTH,CSC[C@@H]1[C@H]([C@H]([C@@H](O1)n2ccc3c2ncnc3N)O)O
1nc3,FQGAMDPEFSMKIGIIGAMEEEVTLLRDKIENRQTISLGGCEIYTGQLNGTEVALLKSGIGKVAAALGATLLLEHCKPDVIINTGSAGGLAPTLKVGDIVVSDEARYHDADVTAFGYEYGQLPGCPAGFKADDKLIAAAEACIAELNLNAVRGLIVSGDAFINGSVGLAKIRHNFPQAIAVEMEATAIAHVCHNFNVPFVVVRAISDVADQQSHLSFDEFLAVAAKQSSLMVESLVQKLAHG,5.0,FMC,c1nc2c(c(n1)N)[nH]nc2[C@H]3[C@@H]([C@@H]([C@H](O3)CO)O)O
1ow4,MDIGINSDPNSSTQSYKDAMGPLVRECMGSVSATEDDFKTVLNRNPLESRTAQCLLACALDKVGLISPEGAIYTGDDLMPVMNRLYGFNDFKTVMKAKAVNDCANQVNGAYPDRCDLIKNFTDCVRNSY,5.68,2AN,c1ccc(cc1)Nc2cccc3c2c(ccc3)S(=O)(=O)O
1p1n,GANKTVVVTTILESPYVMMKKNHEMLEGNERYEGYCVDLAAEIAKHCGFKYKLTIVGDGKYGARDADTKIWNGMVGELVYGKADIAIAPLTITLVREEVIDFSKPFMSLGISIMIKKGTPIESAEDLSKQTEIAYGTTDSGSTKEFFRRSKIAVFDKMWTYMRSAEPSVFVRTTAEGVARVRKSKGKYAYLLESTMNEYIEQRKPCDTMKVGGNLDSKGYGIATPKGSSLGNAVNLAVLKLNEQGLLDKLKNKWWYDKGECGS,6.8,KAI,CC(=C)[C@H]1CN[C@@H]([C@H]1CC(=O)O)C(=O)O
1ps3,NLRARLAKTSNRDDPIRPPLKVARSPRPGQCQDVVQDVPNVDVQMLELYDRMSFKDIDGGVWKQGWNIKYDPLKYNAHHKLKVFVVPHSHNDPGWIQTFEEYYQHDTKHILSNALRHLHDNPEMKFIWAEISYFARFYHDLGENKKLQMKSIVKNGQLEFVTGGWVMPDEANSHWRNVLLQLTEGQTWLKQFMNVTPTASWAIDPFGHSPTMPYILQKSGFKNMLIQRTHYSVKKELAQQRQLEFLWRQIWDNKGDTALFTHMMPFYSYDIPHTCGPDPKVCCQFDFKRMGSFGLSCPWKVPPRTISDQNVAARSDLLVDQWKKKAELYRTNVLLIPLGDDFRFKQNTEWDVQRVNYERLFEHINSQAHFNVQAQFGTLQEYFDAVHQAERAGQAEFPTLSGDFFTYADRSDNYWSGYYTSRPYHKRMDRVLMHYVRAAEMLSAWHSWDGMARIEERLEQARRELSLFQHHDGITGTAKTHVVVDYEQRMQEALKACQMVMQQSVYRLLTKPSIYSPDFSFSYFTLDDSRWPGSGVEDSRTTIILGEDILPSKHVVMHNTLPHWREQLVDFYVSSPFVSVTDLANNPVEAQVSPVWSWHHDTLTKTIHPQGSTTKYRIIFKARVPPMGLATYVLTISDSKPEHTSYASNLLLRKNPTSLPLGQYPEDVKFGDPREISLRVGNGPTLAFSEQGLLKSIQLTQDSPHVPVHFKFLKYGVRSHGDRSGAYLFLPNGPASPVELGQPVVLVTKGKLESSVSVGLPSVVHQTIMRGGAPEIRNLVDIGSLDNTEIVMRLETHIDSGDIFYTDLNGLQFIKRRRLDKLPLQANYYPIPSGMFIEDANTRLTLLTGQPLGGSSLASGELEIMQDRRLASDDERGLGQGVLDNKPVLHIYRLVLEKVNNCVRPSKLHPAGYLTSAAHKASQSLLDPLDKFIFAENEWIGAQGQFGGDHPSAREDLDVSVMRRLTKSSAKTQRVGYVLHRTNLMQCGTPEEHTQKLDVCHLLPNVARCERTTLTFLQNLEHLDGMVAPEVCPMETAAYVSSHSS,2.28,KIF,C([C@@H]1[C@H]([C@@H]([C@@H]([C@@H]2N1C(=O)C(=O)N2)O)O)O)O
1r5y,MVEATAQETDRPRFSFSIAAREGKARTGTIEMKRGVIRTPAFMPVGTAATVKALKPETVRATGADIILGNTYHLMLRPGAERIAKLGGLHSFMGWDRPILTDSGGYQVMSLSSLTKQSEEGVTFKSHLDGSRHMLSPERSIEIQHLLGSDIVMAFDECTPYPATPSRAASSMERSMRWAKRSRDAFDSRKEQAENAALFGIQQGSVFENLRQQSADALAEIGFDGYAVGGLAVGEGQDEMFRVLDFSVPMLPDDKPHYLMGVGKPDDIVGAVERGIDMFDCVLPTRSGRNGQAFTWDGPINIRNARFSEDLKPLDSECHCAVCQKWSRAYIHHLIRAGEILGAMLMTEHNIAFYQQLMQKIRDSISEGRFSQFAQDFRARYFARNS,6.46,DQU,c1cc2c(cc1N)c(nc(n2)N)O
1s38,MVEATAQETDRPRFSFSIAAREGKARTGTIEMKRGVIRTPAFMPVGTAATVKALKPETVRATGADIILGNTYHLMLRPGAERIAKLGGLHSFMGWDRPILTDSGGYQVMSLSSLTKQSEEGVTFKSHLDGSRHMLSPERSIEIQHLLGSDIVMAFDECTPYPATPSRAASSMERSMRWAKRSRDAFDSRKEQAENAALFGIQQGSVFENLRQQSADALAEIGFDGYAVGGLAVGEGQDEMFRVLDFSVPMLPDDKPHYLMGVGKPDDIVGAVERGIDMFDCVLPTRSGRNGQAFTWDGPINIRNARFSEDLKPLDSECHCAVCQKWSRAYIHHLIRAGEILGAMLMTEHNIAFYQQLMQKIRDSISEGRFSQFAQDFRARYFARNS,5.15,MAQ,Cc1cccc2c1NC(=NC2=O)N
1sw1,GSQSSERVVIGSKPFNEQYILANMIAILLEENGYKAEVKEGLGGTLVNYEALKRNDIQLYVEYTGTAYNVILRKQPPELWDQQYIFDEVKKGLLEADGVVVAAKLGFRDDYALAVRADWAEENGVEKISDLAEFADQLVFGSDPEFASRPDGLPQIKKVYGFEFKEVKQMEPTLMYEAIKNKQVDVIPAYTTDSRVDLFNLKILEDDKGALPPYDAIIIVNGNTAKDEKLISVLKLLEDRIDTDTMRALNYQYDVEKKDAREIAMSFLKEQGLVK,7.3,PBE,C[N+]1(CCC[C@H]1C(=O)O)C
1syi,GANKTVVVTTILESPYVMMKKNHEMLEGNERYEGYCVDLAAEIAKHCGFKYKLTIVGDGKYGARDADTKIWNGMVGELVYGKADIAIAPLTITLVREEVIDFSKPFMSLGISIMIKKGTPIESAEDLSKQTEIAYGTLDSGSTKEFFRRSKIAVFDKMWTYMRSAEPSVFVRTTAEGVARVRKSKGKYAFLLESTMNEYIEQRKPCDTMKVGGNLDSKGYGIATPKGSSLGNAVNLAVLKLNEQGLLDKLKNKWWYDKGECGS,5.48,CPW,C1CC2=C(C1)N(C(=O)NC2=O)C[C@@H](C(=O)O)N
1toj,MFENITATTADPILGLADLFRADERPGKIDLGIGVYKDETGKTPVLTSVKKAEQYLLENETTKNYLGIDGIPEFGRCTQELLFGKGSALINDKRARTAQTPGGSGALRVAADFLAKNTSVKRVWVSNPSWPNHKSVFNSAGLEVREYAYYDAENHTLDFDALINSLNEAQAGDVVLFHGCCHNPTGIDPTLEQWQTLAQLSVEKGWLPLFDFAYQGFARGLEEDAEGLRAFAAMHKELIVASSYSKNFALYNERVGACTLVAADSETVDRAFGQMKAAIRANYSSPPAHGASVVATILSNDALRAIWEQELTDMRQRIQRMRQLFVNTLQEKGANRDFSFIIKQNGMFSFSGLTKEQVLRLREEFGVYAVASGRVNVAGMTPDNMAPLCEAIVAVL,3.39,HCI,c1ccc(cc1)CCC(=O)O
1tok,MFENITATTADPILGLADLFRADERPGKIDLGIGVYKDETGKTPVLTSVKKAEQYLLENETTKNYLGIDGIPEFGRCTQELLFGKGSALINDKRARTAQTPGGSGALRVAADFLAKNTSVKRVWVSNPSWPNHKSVFNSAGLEVREYAYYDAENHTLDFDALINSLNEAQAGDVVLFHGCCHNPTGIDPTLEQWQTLAQLSVEKGWLPLFDFAYQGFARGLEEDAEGLRAFAAMHKELIVASSYSKNFALYNERVGACTLVAADSETVDRAFGQMKAAIRANYSSPPAHGASVVATILSNDALRAIWEQELTDMRQRIQRMRQLFVNTLQEKGANRDFSFIIKQNGMFSFSGLTKEQVLRLREEFGVYAVASGRVNVAGMTPDNMAPLCEAIVAVL,2.47,MAE,C(=C/C(=O)O)/C(=O)O
1urg,CGTSNGGQNTSPSTSSSSAKGEASALPKGQTITVWSWQTGPELQDVKQIAAQWAKAHGDKVIVVDQSSNPKGFQFYATAARTGKGPDVVFGMPHDNNGVFAEEGLMAPVPSGVLNTGLYAPNTIDAIKVNGTMYSVPVSVQVAAIYYNKKLVPQPPQTWAEFVKDANAHGFMYDQANLYFDYAIIGGYGGYVFKDNNGTLDPNNIGLDTPGAVQAYTLMRDMVSKYHWMTPSTNGSIAKAEFLAGKIGMYVSGPWDTADIEKAKIDFGVTPWPTLPNGKHATPFLGVITAFVNKESKTQAADWSLVQALTSAQAQQMYFRDSQQIPALLSVQRSSAVQSSPTFKAFVEQLRYAVPMPNIPQMQAVWQAMSILQNIIAGKVSPEQGAKDFVQNIQKGIMAQGS,5.82,MAL,C([C@@H]1[C@H]([C@@H]([C@H]([C@H](O1)O[C@@H]2[C@H](O[C@@H]([C@@H]([C@H]2O)O)O)CO)O)O)O)O
1w2g,MLIAIEGVDGAGKRTLVEKLSGAFRAAGRSVATLAFPRYGQSVAADIAAEALHGEHGDLASSVYAMATLFALDRAGAVHTIQGLCRGYDVVILDRYVASNAAYSAARLHENAAGKAAAWVQRIEFARLGLPKPDWQVLLAVSAELAGERSRGRAQRDPGRARDNYERDAELQQRTGAVYAELAAQGWGGRWLVVGADVDPGRLAATLAPPDVPS,4.57,THM,CC1=CN(C(=O)NC1=O)[C@H]2C[C@@H]([C@H](O2)CO)O
1x9d,EFALLTCRLDPPSQDLKDGTQEEATKRQEAPVDPRPEGDPQRTVISWRGAVIEPEQGTELPSRRAEVPTKPPLPPARTQGTPVHLNYRQKGVIDVFLHAWKGYRKFAWGHDELKPVSRSFSEWFGLGLTLIDALDTMWILGLRKEFEEARKWVSKKLHFEKDVDVNLFESTIRILGGLLSAYHLSGDSLFLRKAEDFGNRLMPAFRTPSKIPYSDVNIGTGVAHPPRWTSDSTVAEVTSIQLEFRELSRLTGDKKFQEAVEKVTQHIHGLSGKKDGLVPMFINTHSGLFTHLGVFTLGARADSYYEYLLKQWIQGGKQETQLLEDYVEAIEGVRTHLLRHSEPSKLTFVGELAHGRFSAKMDHLVCFLPGTLALGVYHGLPASHMELAQELMETCYQMNRQMETGLSPEIVHFNLYPQPGRRDVEVKPADRHNLLRPETVESLFYLYRVTGDRKYQDWGWEILQSFSRFTRVPSGGYSSINNVQDPQKPEPRDKMESFFLGETLKYLFLLFSDDPNLLSLDAYVFNTEAHPLPIWTPA,3.96,SMD,CO[C@@H]1[C@H]([C@H]([C@@H]([C@H](O1)CO)O)O)S[C@@H]2[C@H]([C@H]([C@@H]([C@H](O2)CO)O)O)O
1xge,TAPSQVLKIRRPDDWHLHLRDGDMLKTVVPYTSEIYGRAIVMPNLAPPVTTVEAAVAYRQRILDAVPAGHDFTPLMTCYLTDSLDPNELERGFNEGVFTAAKLYPANATTNSSHGVTSVDAIMPVLERMEKIGMPLLVHGEVTHADIDIFDREARFIESVMEPLRQRLTALKVVFEHITTKDAADYVRDGNERLAATITPQHLMFNRNHMLVGGVRPHLYCLPILKRNIHQQALRELVASGFNRVFLGTDSAPHARHRKESSCGCAGCFNAPTALGSYATVFEEMNALQHFEAFCSVNGPQFYGLPVNDTFIELVREEQQVAESIALTDDTLVPFLAGETVRWSVKQ,4.68,DOR,C1[C@H](NC(=O)NC1=O)C(=O)O
1y1m,GMSTRLKIVTIHQEPFVYVKPTMSDGTCKEEFTVNGDPVKKVICTGPNDTSPGSPRHTVPQCCYGFCIDLLIKLARTMNFTYEVHLVADGKFGTQERVNNSNKKEWNGMMGELLSGQADMIVAPLTINNERAQYIEFSKPFKYQGLTILVKKGTRITGINDPRLRNPSDKFIYATVKQSSVDIYFRRQVELSTMYRHMEKHNYESAAEAIQAVRDNKLHAFIWDSAVLEFEASQKCDLVTTGELFFRSGFGIGMRKDSPWKQNVSLSILKSHENGFMEDLDKTWVRYQECDS,1.82,AC5,C1CCC(C1)(C(=O)O)N
1yc1,MRGSHHHHHHGMASMTGGQQMGRDLYDDDDKDRWGSDQPMEEEEVETFAFQAEIAQLMSLIINTFYSNKEIFLRELISNSSDALDKIRYETLTDPSKLDSGKELHINLIPNKQDRTLTIVDTGIGMTKADLINNLGTIAKSGTKAFMEALQAGADISMIGQFGVGFYSAYLVAEKVTVITKHNDDEQYAWESSAGGSFTVRTDTGEPMGRGTKVILHLKEDQTEYLEERRIKEIVKKHSQFIGYPITLFVEKERDKEVSDDEAE,6.17,4BC,CCc1cc(c(cc1O)O)c2c(c([nH]n2)C(=O)O)c3ccc4c(c3)OCO4
1z95,IFLNVLEAIEPGVVCAGHDNNQPDSFAALLSSLNELGERQLVHVVKWAKALPGFRNLHVDDQMAVIQYSLMGLMVFAMGWRSFTNVNSRMLYFAPDLVFNEYRMHKSRMYSQCVRMRHLSQEFGWLQITPQEFLCMKALLLFSIIPVDGLKNQKFFDELRMNYIKELDRIIACKRKNPTSCSRRFYQLTKLLDSVQPIARELHQFTFDLLIKSHMVSVDFPEMMAEIISVQVPKILSGKVKPIYFH,7.12,198,C[C@](CS(=O)(=O)c1ccc(cc1)F)(C(=O)Nc2ccc(c(c2)C(F)(F)F)C#N)O
2brb,MAVPFVEDWDLVQTLGEGAYGEVQLAVNRVTEEAVAVKIVDMKRAVDCPENIKKEICINKMLNHENVVKFYGHRREGNIQYLFLEYCSGGELFDRIEPDIGMPEPDAQRFFHQLMAGVVYLHGIGITHRDIKPENLLLDERDNLKISDFGLATVFRYNNRERLLNKMCGTLPYVAPELLKRREFHAEPVDVWSCGIVLTAMLAGELPWDQPSDSCQEYSDWKEKKTYLNPWKKIDSAPLALLHKILVENPSARITIPDIKKDRWYNKPLKKGAKRPRVTSGGVSESPSGHHHHHHHH,4.86,PFQ,c1ccc(cc1)c2c3c(ncnc3oc2c4ccccc4)NCCO
2cji,IVGGQECKDGECPWQALLINEENEGFCGGTILSEFYILTAAHCLYQAKRFKVRVGDRNTEQEEGGEAVHEVEVVIKHNRFTKETYDFDIAVLRLKTPITFRMNVAPACLPERDWAESTLMTQKTGIVSGFGRTHEKGRQSTRLKMLEVPYVDRNSCKLSSSFIITQNMFCAGYDTKQEDACQGDSGGPHVTRFKDTYFVTGIVSWGEGCARKGKYGIYTKVTAFLKWIDRSMKTRGLPKAKSHAPEVITSSPLKEEMKKGHLERECMEETCSYEEAREVFEDSDKTNEFWNKYKDGDQCETSPCQNQGKCKDGLGEYTCTCLEGFEGKNCELFTRKLCSLDNGDCDQFCHEEQNSVVCSCARGYTLADNGKACIPTGPYPCGKQTLER,8.22,GSK,C[C@@H](C(=O)N1CCOCC1)N2CC[C@@H](C2=O)NS(=O)(=O)c3ccc4cc(ccc4c3)Cl
2f5t,AIWRSRSFDEAIEMFRESLYSAKNEVIVVTPSEFFETIREDLIKTLERGVTVSLYIDKIPDLSEFKGKGNFFVRQFYKLNHLIGMTDGKEVVTIQNATFDSIGPPSFKSTYPEIIFSQYSLIIEIFKESTLEKEIIGNPKDIRFFAMFHAVDFVKNHLKNRNIYAEITGKNLESGRLETLTGRVVGYTLSLREAVNNIHLETENGVVKVGGMFAVIEDYESTEIKFIMGGSRS,5.17,MAL,C([C@@H]1[C@H]([C@@H]([C@H]([C@H](O1)O[C@@H]2[C@H](O[C@@H]([C@@H]([C@H]2O)O)O)CO)O)O)O)O
2fai,IKRSKKNSLALSLTADQMVSALLDAEPPILYSEYDPTRPFSEASMMGLLTNLADRELVHMINWAKRVPGFVDLTLHDQVHLLECAWLEILMIGLVWRSMEHPGKLLFAPNLLLDRNQGKCVEGMVEIFDMLLATSSRFRMMNLQGEEFVCLKSIILLNSGVYTFLSSTLKSLEEKDHIHRVLDKITDTLIHLMAKAGLTLQQQHQRLAQLLLILSHIRHMSNKGMEHLYSMKCKNVVPLSDLLLEMLDAHRLHAPTSKHKILHRLLQDSS,6.24,459,CC1CC[C@@]2(CO[C@@H]([C@H]1[C@H]2C)c3ccc(cc3)O)CO
2ff1,MRGSPHHHHHHGSAKNVVLDHDGNLDDFVAMVLLASNTEKVRLIGALCTDADCFVENGFNVTGKIMCLMHNNMNLPLFPIGKSAATAVNPFPKEWRCLAKNMDDMPILNIPENVELWDKIKAENEKYEGQQLLADLVMNSEEKVTICVTGPLSNVAWCIDKYGEKFTSKVEECVIMGGAVDVRGNVFLPSTDGTAEWNIYWDPASAKTVFGCPGLRRIMFSLDSTNTVPVRSPYVQRFGEQTNFLLSILVGTMWAMCTHCELLRDGDGYYAWDALTAAYVVDQKVANVDPVPIDVVVDKQPNEGATVRTDAENYPLTFVARNPEAEFFLDMLLRSARAC,8.21,IMH,c1c(c2c([nH]1)c(ncn2)O)[C@H]3[C@@H]([C@@H]([C@H](N3)CO)O)O
2fvd,MENFQKVEKIGEGTYGVVYKARNKLTGEVVALKKIRLDTETEGVPSTAIREISLLKELNHPNIVKLLDVIHTENKLYLVFEFLHQDLKKFMDASALTGIPLPLIKSYLFQLLQGLAFCHSHRVLHRDLKPQNLLINTEGAIKLADFGLARAFGVPVRTYTHEVVTLWYRAPEILLGCKYYSTAVDIWSLGCIFAEMVTRRALFPGDSEIDQLFRIFRTLGTPDEVVWPGVTSMPDYKPSFPKWARQDFSKVVPPLDEDGRSLLSQMLHYDPNKRISAKAALAHPFFQDVTKPVPHLRL,8.52,LIA,COc1ccc(c(c1C(=O)c2cnc(nc2N)NC3CCN(CC3)S(=O)(=O)C)F)F
2hb1,MEMEKEFEQIDKSGSWAAIYQDIRHEASDFPCRVAKLPKNKNRNRYRDVSPFDHSRIKLHQEDNDYINASLIKMEEAQRSYILTQGPLPNTCGHFWEMVWEQKSRGVVMLNRVMEKGSLKCAQYWPQKEEKEMIFEDTNLKLTLISEDIKSYYTVRQLELENLTTQETREILHFHYTTWPDFGVPESPASFLNFLFKVRESGSLSPEHGPVVVHCSAGIGRSGTFCLADTCLLLMDKRKDPSSVDIKKVLLEMRKFRMGLIQTADQLRFSYLAVIEGAKFIMGDSSVQDQWKELSHEDL,3.8,512,c1c(c(c(s1)C(=O)O)OCC(=O)O)Br
2hdq,APQQINDIVHRTITPLIEQQKIPGMAVAVIYQGKPYYFTWGYADIAKKQPVTQQTLFELGSVSKTFTGVLGGDAIARGEIKLSDPTTKYWPELTAKQWNGITLLHLATYTAGGLPLQVPDEVKSSSDLLRFYQNWQPAWAPGTQRLYANSSIGLFGALAVKPSGLSFEQAMQTRVFQPLKLNHTWINVPPAEEKNYAWGYREGKAVHVSPGALDAEAYGVKSTIEDMARWVQSNLKPLDINEKTLQQGIQLAQSRYWQTGDMYQGLGWEMLDWPVNPDSIINGSDNKIALAARPVKAITPPTPAVRASWVHKTGATGGFGSYVAFIPEKELGIVMLANKNYPNPARVDAAWQILNALQ,1.4,C21,c1cc(sc1)C(=O)O
2hdr,APQQINDIVHRTITPLIEQQKIPGMAVAVIYQGKPYYFTWGYADIAKKQPVTQQTLFELGSVSKTFTGVLGGDAIARGEIKLSDPTTKYWPELTAKQWNGITLLHLATYTAGGLPLQVPDEVKSSSDLLRFYQNWQPAWAPGTQRLYANSSIGLFGALAVKPSGLSFEQAMQTRVFQPLKLNHTWINVPPAEEKNYAWGYREGKAVHVSPGALDAEAYGVKSTIEDMARWVQSNLKPLDINEKTLQQGIQLAQSRYWQTGDMYQGLGWEMLDWPVNPDSIINGSDNKIALAARPVKAITPPTPAVRASWVHKTGATGGFGSYVAFIPEKELGIVMLANKNYPNPARVDAAWQILNALQ,1.72,4A3,c1cc(c(cc1C(=O)O)O)N
2i0d,PQITLWKRPLVTIRIGGQLKEALLDTGADDTVLEEMNLPGKWKPKMIGGIGGFIKVRQYDQIPIEICGHKAIGTVLVGPTPVNIIGRNLLTQIGCTLNF,12.1,MUT,CC(C)C[N@@](C[C@H]([C@H](Cc1ccccc1)NC(=O)[C@@H]2CN(C(=O)O2)c3cccc(c3)C(=O)C)O)S(=O)(=O)c4ccc(cc4)OC
2il2,LTLGNTTSSVILTNYMDTQYYGEIGIGTPPQTFKVVFDTGSSNVWVPSSKCSRLYTACVYHKLFDASDSSSYKHNGTELTLRYSTGTVSGFLSQDIITVGGITVTQMFGEVTEMPALPFMLAEFDGVVGMGFIEQAIGRVTPIFDNIISQGVLKEDVFSFYYNRDSENSQSLGGQIVLGGSDPQHYEGNFHYINLIKTGVWQIQMKGVSVGSSTLLCEDGCLALVDTGASYISGSTSSIEKLMEALGAKKRLFDYVVKCNEGPTLPDISFHLGGKEYTLTSADYVFQESYSSKKLCTLAIHAMDIPPPTGPTWALGATFIRKFYTEFDRRNNRIGFALAR,7.1,LIX,CCc1c(c(nc(n1)N)NCCNS(=O)(=O)c2ccc3ccccc3c2)c4ccc5c(c4)N(C(=O)C(O5)(C)C)CCCOC
2iwx,MASETFEFQAEITQLMSLIINTVYSNKEIFLRELISNASDALDKIRYKSLSDPKQLETEPDLFIRITPKPEQKVLEIRDSGIGMTKAELINNLGTIAKSGTKAFMEALSAGADVSMIGQFGVGFYSLFLVADRVQVISKSNDDEQYIWESNAGGSFTVTLDEVNERIGRGTILRLFLKDDQLEYLEEKRIKEVIKRHSEFVAYPIQLVVTKEVE,6.68,M1S,c1c(c2c(c(c1O)Cl)CC(=O)CCCCCC=CCCOC2=O)O
2j78,MGSSHHHHHHSSGLVPRGSHMASNVKKFPEGFLWGVATASYQIEGSPLADGAGMSIWHTFSHTPGNVKNGDTGDVACDHYNRWKEDIEIIEKLGVKAYRFSISWPRILPEGTGRVNQKGLDFYNRIIDTLLEKGITPFVTIYHWDLPFALQLKGGWANREIADWFAEYSRVLFENFGDRVKNWITLNEPWVVAIVGHLYGVHAPGMRDIYVAFRAVHNLLRAHARAVKVFRETVKDGKIGIVFNNGYFEPASEKEEDIRAVRFMHQFNNYPLFLNPIYRGDYPELVLEFAREYLPENYKDDMSEIQEKIDFVGLNYYSGHLVKFDPDAPAKVSFVERDLPKTAMGWEIVPEGIYWILKKVKEEYNPPEVYITENGAAFDDVVSEDGRVHDQNRIDYLKAHIGQAWKAIQEGVPLKGYFVWSLLDNFEWAEGYSKRFGIVYVDYSTQKRIVKDSGYWYSNVVKNNGLED,6.42,GOX,C([C@@H]1[C@H]([C@@H]([C@H](/C(=N/O)/N1)O)O)O)O
1bcj,AIEVKLANMEAEINTLKSKLELTNKLHAFSMGKKSGKKFFVTNHERMPFSKVKALCSELRGTVAIPRNAEENKAIQEVAKTVAFLGITDEVTEGQFMYVTGGRLTYSNWKKDQPDDWYGHGLGGGEDCVHIVDNGLWNDISCQASHTAVCEFPA,3.7,NGA,CC(=O)N[C@@H]1[C@H]([C@H]([C@H](O[C@H]1O)CO)O)O
1bky,MDVVSLDKPFMYFEEIDNELDYEPESANEVAKKLPYQGQLKLLLGELFFLSKLQRHGILDGATVVYIGSAPGTHIRYLRDHFYNLGVIIKWMLIDGRHHDPILNGLRDVTLVTRFVDEEYLRSIKKQLHPSKIILISDVRSKRGGNEPSTADLLSNYALQNVMISILNPVASSLKWRCPFPDQWIKDFYIPHGNKMLQPFAPSYSAEMRLLSIYTGENMRLTRVTKSDAVNYEKKMYYLNKIVRNKVVVNFDYPNQEYDYFHMYFMLRTVYCNKTFPTTKAKVLFLQQSIFRFLNIPTTSTEKVSHE,3.84,1MC,CN1C=CC(=NC1=O)N
1eby,PQITLWQRPLVTIKIGGQLKEALLDTGADDTVLEEMNLPGRWKPKMIGGIGGFIKVRQYDQILIEICGHKAIGTVLVGPTPVNIIGRNLLTQIGCTLNF,9.7,BEB,c1ccc(cc1)CO[C@H]([C@@H]([C@H]([C@H](C(=O)N[C@H]2c3ccccc3C[C@H]2O)OCc4ccccc4)O)O)C(=O)N[C@H]5c6ccccc6C[C@H]5O
1gi9,KPSSPPEELKFQCGQKTLRPRFKIIGGEFTTIENQPWFAAIYRRHRGGSVTYVCGGSLMSPCWVISATHCFIDYPKKEDYIVYLGRSRLNSNTQGEMKFEVENLILHKDYSADTLAHHNDIALLKIRSKEGRCAQPSRTIQTICLPSMYNDPQFGTSCEITGFGKEASTDYLYPEQLKMTVVKLISHRECQQPHYYGSEVTTKMLCAADPQWKTDSCQGDSGGPLVCSLQGRMTLTGIVSWGRGCALKDKPGVYTRVSHFLPWIRSHT,5.96,123,COc1ccc(c(c1)c2[nH]c3ccc(cc3n2)C(=[NH2+])N)O
1gww,ESKLKLSDWFNPFKRPEVVTMTKWKAPVVWEGTYNRAVLDNYYAKQKITVGLTVFAVGRYIEHYLEEFLTSANKHFMVGHPVIFYIMVDDVSRMPLIELGPLRSFKVFKIKPEKRWQDISMMRMKTIGEHIVAHIQHEVDFLFCMDVDQVFQDKFGVETLGESVAQLQAWWYKADPNDFTYERRKESAAYIPFGEGDFYYHAAIFGGTPTQVLNITQECFKGILKDKKNDIEAQWHDESHLNKYFLLNKPTKILSPEYCWDYHIGLPADIKLVKMSWQTKEYNVVRNNV,4.28,UDP,C1=CN(C(=O)NC1=O)[C@H]2[C@@H]([C@@H]([C@H](O2)CO[P@@](=O)(O)OP(=O)(O)O)O)O
1gx0,ESKLKLSDWFNPFKRPEVVTMTKWKAPVVWEGTYNRAVLDNYYAKQKITVGLTVFAVGRYIEHYLEEFLTSANKHFMVGHPVIFYIMVDDVSRMPLIELGPLRSFKVFKIKPEKRWQDISMMRMKTIGEHIVAHIQHEVDFLFCMDVDQVFQDKFGVETLGESVAQLQAWWYKADPNDFTYERRKESAAYIPFGEGDFYYHAAIFGGTPTQVLNITQECFKGILKDKKNDIEAQWHDESHLNKYFLLNKPTKILSPEYCWDYHIGLPADIKLVKMSWQTKEYNVVRNNV,4.28,UDP,O[C@H]1[C@@H](O)[C@@H](O[C@@H]1CO[P](O)(=O)O[P](O)(O)=O)N2C=CC(=O)NC2=O
1q4w,MVEATAQETDRPRFSFSIAAREGKARTGTIEMKRGVIRTPAFMPVGTAATVKALKPETVRATGADIILGNTYHLMLRPGAERIAKLGGLHSFMGWDRPILTDSGGYQVMSLSSLTKQSEEGVTFKSHLDGSRHMLSPERSIEIQHLLGSDIVMAFDECTPYPATPSRAASSMERSMRWAKRSRDAFDSRKEQAENAALFGIQQGSVFENLRQQSADALAEIGFDGYAVGGLAVGEGQDEMFRVLDFSVPMLPDDKPHYLMGVGKPDDIVGAVERGIDMFDCVLPTRSGRNGQAFTWDGPINIRNARFSEDLKPLDSECHCAVCQKWSRAYIHHLIRAGEILGAMLMTEHNIAFYQQLMQKIRDSISEGRFSQFAQDFRARYFARNS,6.46,DQU,c1cc2c(cc1N)c(nc(n2)N)O
1qkt,NSLALSLTADQMVSALLDAEPPILYSEYDPTRPFSEASMMGLLTNLADRELVHMINWAKRVPGFVDLTLHDQVHLLESAWLEILMIGLVWRSMEHPGKLLFAPNLLLDRNQGKSVEGMVEIFDMLLATSSRFRMMNLQGEEFVCLKSIILLNSGVYTFLSSTLKSLEEKDHIHRVLDKITDTLIHLMAKAGLTLQQQHQRLAQLLLILSHIRHMSNKGMEHLYSMKSKNVVPLYDLLLEMLDAHRLHA,9.04,EST,C[C@]12CC[C@@H]3c4ccc(cc4CC[C@H]3[C@@H]1CC[C@@H]2O)O
1rdi,KKYFMSSVRRMPLNRAKALCSELQGTVATPRNAEENRAIQNVAKDVAFLGITDQRTENVFEDLTGNRVRYTNWNEGEPNNVGSGENCVVLLTNGKWNDVPCSDSFLVVCEFSD,2.06,MFU,C[C@H]1[C@H]([C@H]([C@@H]([C@@H](O1)OC)O)O)O
1rdn,KKYFMSSVRRMPLNRAKALCSELQGTVATPRNAEENRAIQNVAKDVAFLGITDQRTENVFEDLTGNRVRYTNWNEGEPNNVGSGENCVVLLTNGKWNDVPCSDSFLVVCEFSD,1.84,MAG,CC(=O)N[C@H]1[C@@H](O)O[C@H](CO)[C@@H](O)[C@@H]1O
1tr7,FACKTANGTAIPIGGGSANVYVNLAPVVNVGQNLVVDLSTQIFCHNDYPETITDYVTLQRGSAYGGVLSNFSGTVKYSGSSYPFPTTSETPRVVYNSRTDKPWPVALYLTPVSSAGGVAIKAGSLIAVLILRQTNNYNSDDFQFVWNIYANNDVVVPTHHHHHH,6.82,DEG,CCCCO[C@@H]1[C@H]([C@H]([C@@H]([C@H](O1)CO)O)O)O
1yxd,MFTGSIVAIVTPMDEKGNVCRASLKKLIDYHVASGTSAIVSVGTTGESATLNHDEHADVVMMTLDLADGRIPVIAGTGANATAEAISLTQRFNDSGIVGCLTVTPYYNRPSQEGLYQHFKAIAEHTDLPQILYNVPSRTGCDLLPETVGRLAKVKNIIGIKEATGNLTRVNQIKELVSDDFVLLSGDDASALDFMQLGGHGVISVTANVAARDMAQMCKLAAEGHFAEARVINQRLMPLHNKLFVEPNPIPVKWACKELGLVATDTLRLPMTPITDSGRETVRAALKHAGLL,4.57,LYS,C(CC[NH3+])C[C@@H](C(=O)O)N
2a3c,MRFATSTIVKVALLLSSLCVDAAVMWNRDTSSTDLEARASSGYRSVVYFVNWAIYGRNHNPQDLPVERLTHVLYAFANVRPETGEVYMTDSWADIEKHYPGDSWSDTGNNVYGCIKQLYLLKKQNRNLKVLLSIGGWTYSPNFAPAASTDAGRKNFAKTAVKLLQDLGFDGLDIDWEYPENDQQANDFVLLLKEVRTALDSYSAANAGGQHFLLTVASPAGPDKIKVLHLKDMDQQLDFWNLMAYDYAGSFSSLSGHQANVYNDTSNPLSTPFNTQTALDLYRAGGVPANKIVLGMPLYGRSFANTDGPGKPYNGVGQGSWENGVWDYKALPQAGATEHVLPDIMASYSYDATNKFLISYDNPQVANLKSGYIKSLGLGGAMWWDSSSDKTGSDSLITTVVNALGGTGVFEQSQNELDYPVSQYDNLRNGMQT,4.37,PNX,CC(=O)CCCCN1C(=O)c2c(ncn2C)N(C1=O)C
2fv5,ADPDPMKNTCKLLVVADHRFYRYMGRGEESTTTNYLIELIDRVDDIYRNTAWDNAGFKGYGIQIEQIRILKSPQEVKPGEKHYNMAKSYPNEEKDAWDVKMLLEQFSFDIAEEASKVCLAHLFTYQDFDMGTLGLAYGGSPRANSHGGVCPKAYYSPVGKKNIYLNSGLTSTKNYGKTILTKEADLVTTHELGHNFGAEHDPDGLAECAPNEDQGGKYVMYPIAVSGDHENNKMFSQCSKQSIYKTIESKAQECFQERSNA,10.52,541,Cc1cc(c2ccccc2n1)COc3ccc(cc3)[C@@]4(CCN(C4=O)[C@H](C)C(=O)NO)C
2hd6,SHHWGYGKHNGPEHWHKDFPIAKGERQSPVDIDTHTAKYDPSLKPLSVSYDQATSLRILNNGHAFNVEFDDSQDKAVLKGGPLDGTYRLIQFHFHWGSLDGQGSEHTVDKKKYAAELHLVHWNTKYGDFGKAVQQPDGLAVLGIFLKVGSAKPGLQKVVDVLDSIKTKGKSADFTNFDPRGLLPESLDYWTYPGSLTTPPLLECVTWIVLKEPISVSSEQVLKFRKLNFNGEGEPEELMVDNWRPAQPLKNRQIKASFK,7.8,BOS,c1ccc(c(c1)C(=O)Nc2ccc(cc2)S(=O)(=O)N)S
1xl5,PQITLWQRPLVTIKIGGQLKEALLDTGADDTVLEEMSLPGRWKPKMIGGIGGFIKVRQYDQILIEICGHKAIGTVLVGPTPVNIIGRNLLTQIGCTLNF,7.35,190,Cc1cccc(c1OCC(=O)N[C@@H](Cc2cccc(c2)Br)[C@@H](C[C@H](CC(C)C)S(=O)(=O)c3ccc(cc3)F)O)C
1y93,MGPVWRKHYITYRINNYTPDMNREDVDYAIRKAFQVWSNVTPLKFSKINTGMADILVVFARGAHGDDHAFDGKGGILAHAFGPGSGIGGDAHFDEDEFWTTHSGGTNLFLTAVHEIGHSLGLGHSSDPKAVMFPTYKYVDINTFRLSADDIRGIQSLYG,2.1,HAE,CC(=O)NO
4ubp,XMHLNPAEKEKLQIFLASELLLRRKARGLKLNYPEAVAIITSFIMEGARDGKTVAMLMEEGKHVLTRDDVMEGVPEMIDDIQAEATFPDGTKLVTVHNPISMSNNNYIVPGEYRVAEGEIEINAGREKTTIRVSNTGDRPIQVGSHIHFVEVNKELLFDRAEGIGRRLNIPSGTAARFEPGEEMEVELTELGGNREVFGISDLTNGSVDNKELILQRAKELGYKGVEMKINRQQYAESYGPTVGDEVRLADTDLWIEVEKDYTTYGDEVNFGGGKVLREGMGENGTYTRTENVLDLLLTNALILDYTGIYKADIGVKDGYIVGIGKGGNPDIMDGVTPNMIVGTATEVIAAEGKIVTAGGIDTHVHFINPDQVDVALANGITTLFGGGTGPAEGSKATTVTPGPWNIEKMLKSTEGLPINVGILGKGHGSSIAPIMEQIDAGAAGLKIHEDWGATPASIDRSLTVADEADVQVAIHSDTLNEAGFLEDTLRAINGRVIHSFHVEGAGGGHAPDIMAMAGHPNVLPSSTNPTRPFTVNTIDEHLDMLMVCHHLKQNIPEDVAFADSRIRPETIAAEDILHDLGIISMMSTDALAMGRAGEMVLRTWQTADKMKKQRGPLAEEKNGSDNFRLKRYVSKYTINPAIAQGIAHEVGSIEEGKFADLVLWEPKFFGVKADRVIKGGIIAYAQIGDPSASIPTPQPVMGRRMYGTVGDLIHDTNITFMSKSSIQQGVPAKLGLKRRIGTVKNCRNIGKKDMKWNDVTTDIDINPETYEVKVDGEVLTCEPVKELPMAQRYFLF,5.59,HAE,CC(=O)NO
1lhw,LRPVLPTQSAHDPPAVHLSNGPGQEPIAVMTFDLTKITKTSSSFEVRTWDPEGVIFYGDTNPKDDWFMLGLRDGRPEIQLHNHWAQLTVGAGPRLDDGRWHQVEVKMEGDSVLLEVDGEEVLRLRQVSGPLTSKRHPIMRIALGGLLFPASNLRLPLVPALDGCLRRDSWLDKQAEISASAPTSLRSCD,8.16,ESM,C[C@]12CC[C@@H]3c4cc(c(cc4CC[C@H]3[C@@H]1CC[C@@H]2O)O)OC
1q0y,DAVVTQESALTTSPGETVTLTCRSSTGAVTTSNYANWVQEKPDHLFTGLIGGTNNRAPGVPARFSGSLIGDKAALTITGAQTEDEAIYFCALWSNNKLVFGGGTKLTVLGQPKSSPTVTLFPPSSEELSTAKATLVCTITDFYPGVVTVDWKVDGTPVTAGMETTQPSKQSNNKYMASSYLTLTARAWERHSSYSCQVTHEGHSSNKTLSRAEVQLQQSGAELMKPGASVKISCKATGYTFSSYWIEWVKQRPGHGLEWIGEILPGSGDTIFNEKFKGKATFTADTSSNTAYMQLSSLTSEDSAVYYCARWVLDYYGMDYWGQGTSLTVSSASTTPPSVYPLAPGGXXXXXXSAMVTLGCLVKGYFPEPVTVVWNKGSLSTGTHTFPAVLAADLYTLSSSVTVSASSWPGQSVTCNVAHPASSTKVDKKIAPS,9.0,MOI,C[N@]1CC[C@]23c4c5ccc(c4O[C@H]2[C@H](C=C[C@H]3[C@H]1C5)O)O
1s50,GSNRSLIVTTILEEPYVLFKKSDKPLYGNDRFEGYCIDLLRELSTILGFTYEIRLVEDGKYGAQDDVNGQWNGMVRELIDHKADLAVAPLAITYVREKVIDFSKPFMTLGISILYRKGTPIDSADDLAKQTKIEYGAVEDGATMTFFKKSKISTYDKMWAFMSSRRQSVLVKSNEEGIQRVLTSDYAFLMESTTIEFVTQRNCNLTQIGGLIDSKGYGVGTPMGSPYRDKITIAILQLQEEGKLHMMKEKWWRGNGCPE,5.85,GLU,C(CC(=O)O)[C@@H](C(=O)O)N
1s7y,GSNRSLIVTTILEEPYVLFKKSDKPLYGNDRFEGYCIDLLRELSTILGFTYEIRLVEDGKYGAQDDVNGQWNGMVRELIDHKADLAVAPLAITYVREKVIDFSKPFMTLGISILYRKGTPIDSADDLAKQTKIEYGAVEDGATMTFFKKSKISTYDKMWAFMSSRRQSVLVKSNEEGIQRVLTSDYAFLMESTTIEFVTQRNCNLTQIGGLIDSKGYGVGTPMGSPYRDKITIAILQLQEEGKLHMMKEKWWRGNGCPE,5.85,GLU,C(CC(=O)O)[C@@H](C(=O)O)N
1s9t,GSNRSLIVTTILEEPYVLFKKSDKPLYGNDRFEGYCIDLLRELSTILGFTYEIRLVEDGKYGAQDDVNGQWNGMVRELIDHKADLAVAPLAITYVREKVIDFSKPFMTLGISILYRKGTPIDSADDLAKQTKIEYGAVEDGATMTFFKKSKISTYDKMWAFMSSRRQSVLVKSNEEGIQRVLTSDYAFLMESTTIEFVTQRNCNLTQIGGLIDSKGYGVGTPMGSPYRDKITIAILQLQEEGKLHMMKEKWWRGNGCPE,6.6,QUS,C([C@@H](C(=O)O)N)N1C(=O)NC(=O)O1
1tt1,GSNRSLIVTTILEEPYVLFKKSDKPLYGNDRFEGYCIDLLRELSTILGFTYEIRLVEDGKYGAQDDVNGQWNGMVRELIDHKADLAVAPLAITYVREKVIDFSKPFMTLGISILYRKGTPIDSADDLAKQTKIEYGAVEDGATMTFFKKSKISTYDKMWAFMSSRRQSVLVKSNEEGIQRVLTSDYAFLMESTTIEFVTQRNCNLTQIGGLIDSKGYGVGTPMGSPYRDKITIAILQLQEEGKLHMMKEKWWRGNGCPE,7.19,KAI,CC(=C)[C@H]1CN[C@@H]([C@H]1CC(=O)O)C(=O)O
1txf,GSNRTLIVTTILEEPYVMYRKSDKPLYGNDRFEGYCLDLLKELSNILGFLYDVKLVPDGKYGAQNDKGEWNGMVKELIDHRADLAVAPLTITYVREKVIDFSKPFMTLGISILYRKGTPIDSADDLAKQTKIEYGAVRDGSTMTFFKKSKISTYEKMWAFMSSRQQSALVKNSDEGIQRVLTTDYALLMESTSIEYVTQRNCNLTQIGGLIDSKGYGVGTPIGSPYRDKITIAILQLQEEGKLHMMKEKWWRGNGCPE,7.24,GLU,C(CC(=O)O)[C@@H](C(=O)O)N
1uld,MLYHLFVNNQVKLQNDFKPESVAAIRSSAFNSKGGTTVFNFLSAGENILLHISIRPGENVIVFNSRLKNGAWGPEERIPYAEKFRPPNPSITVIDHGDRFQIRFDYGTSIYYNKRIKENAAAIAYNAENSLFSSPVTVDVHGLLPPLPPA,5.35,GAL-NAG-FUC,CC(=O)N[C@H]1[C@H](O)O[C@H](CO)[C@@H](O[C@@H]2O[C@H](CO)[C@H](O)[C@H](O)[C@H]2O[C@@H]2O[C@@H](C)[C@@H](O)[C@@H](O)[C@@H]2O)[C@@H]1O
1uzv,ATQGVFTLPANTRFGVTAFANSSGTQTVNVLVNNETAATFSGQSTNNAVIGTQVLNSGSSGKVQVQVSVNGRPSDLVSAQVILTNELNFALVGSEDGTDNDYNDAVVVINWPLG,5.18,FUC,C[C@H]1[C@H]([C@H]([C@@H]([C@@H](O1)O)O)O)O
1zhx,GAMDPSQYASSSSWTSFLKSIASFNGDLSSLSAPPFILSPISLTEFSQYWAEHPELFLEPSFINDDNYKEHCLIDPEVESPELARMLAVTKWFISTLKSQYCSRNESLGSEKKPLNPFLGELFVGKWENKEHPEFGETVLLSEQVSHHPPVTAFSIFNDKNKVKLQGYNQIKASFTKSLMLTVKQFGHTMLDIKDESYLVTPPPLHIEGILVASPFVELEGKSYIQSSTGLLCVIEFSGRGYFSGKKNSFKARIYKDSKDSKDKEKALYTISGQWSGSSKIIKANKKEESRLFYDAARIPAEHLNVKPLEEQHPLESRKAWYDVAGAIKLGDFNLIAKTKTELEETQRELRKEEEAKGISWQRRWFKDFDYSVTPEEGALVPEKDDTFLKLASALNLSTKNAPSGTLVGDKEDRKEDLSSIHWRFQRELWDEEKEIVL,7.26,HC3,C[C@H](CCCC(C)(C)O)[C@H]1CC[C@@H]2[C@@]1(CC[C@H]3[C@H]2CC=C4[C@@]3(CC[C@@H](C4)O)C)C
2dm5,MRGSHHHHHHGSEEASSTGRNFNVEKINGEWHTIILASDKREKIEDNGNFRLFLEQIHVLEKSLVLKFHTVRDEECSELSMVADKTEKAGEYSVTYDGFNTFTIPKTDYDNFLMAHLINEKDGETFQLMGLYGREPDLSSDIKERFAQLCEEHGILRENIIDLSNANRCLQARE,2.99,ODI,C(CCCCO)CCCO
1q6e,ATSDSNMLLNYVPVYVMLPLGVVNVDNVFEDPDGLKEQLLQLRAAGVDGVMVDVWWGIIELKGPKQYDWRAYRSLLQLVQECGLTLQAIMSFHQCGGNVGDIVNIPIPQWVLDIGESNHDIFYTNRSGTRNKEYLTVGVDNEPIFHGRTAIEIYSDYMKSFRENMSDFLESGLIIDIYVGLGPAGELRYPSYPQSQGWEFPGIGEFQCYDKYLKADFKAAVARAGHPEWELPDDAGKYNDVPESTGFFKSNGTYVTEKGKFFLTWYSNKLLNHGDQILDEANKAFLGCKVKLAIKVSGIHWWYKVENHAAELTAGYYNLNDRDGYRPIARMLSRHHAILNFTCLEMRDSEQPSDAKSGPQELVQQVLSGGWREDIRVAGENALPRYDATAYNQIILNARPQGVNNNGPPKLSMFGVTYLRLSDDLLQKSNFNIFKKFVLKMHADQDYCANPQKYNHAITPLKPSAPKIPIEVLLEATKPTLPFPWLPETDMKVDG,2.62,GLC-GLC,OC[C@H]1O[C@H](O[C@@H]2[C@@H](CO)O[C@H](O)[C@H](O)[C@H]2O)[C@H](O)[C@@H](O)[C@@H]1O
1q6g,ATSDSNMLLNYVPVYVMLPLGVVNVDNVFEDPDGLKEQLLQLRAAGVDGVMVDVWWGIIELKGPKQYDWRAYRSLLQLVQECGLTLQAIMSFHQCGGNVGDIVNIPIPQWVLDIGESNHDIFYTNRSGTRNKEYLTVGVDNEPIFHGRTAIEIYSDYMKSFRENMSDFLESGLIIDIEVGLGPAGELRYPSYPQSQGWEFPGIGEFQCYDKYLKADFKAAVARAGHPEWELPDDAGKYNDVPESTGFFKSNGTYVTEKGKFFLTWYSNKLLNHGDQILDEANKAFLGCKVKLAIKVSGIHWWYKVENHAAELTAGYYNLNDRDGYRPIARMLSRHHAILTFTCLEMRDSEQPSDAKSGPQELVQQVLSGGWREDIRVAGENALPRYDATAYNQIILNARPQGVNNNGPPKLSMFGVTYLRLSDDLLQKSNFNIFKKFVLKMHADQDYCANPQKYNHAITPLKPSAPKIPIEVLLEATKPTLPFPWLPETDMKVDG,2.06,GLC-GLC,OC[C@H]1O[C@H](O[C@@H]2[C@@H](CO)O[C@H](O)[C@H](O)[C@H]2O)[C@H](O)[C@@H](O)[C@@H]1O
1xw6,MPMILGYWDIRGLAHAIRLLLEYTDSSYEEKKYTMGDAPDYDRSQWLNEKFKLGLDFPNLPYLIDGAHKITQSNAILCYIARKHNLCGETEEEKIRVDILENQTMDNHMQLGMICYNPEFEKLKPKYLEELPEKLKLYSEFLGKRPWFAGNKITFVDFLVYDVLDLHRIFEPKCLDAFPNLKDFISRFEGLEKISAYMKSSRFLPRPVFSKMAVWGNK,5.62,GSH,C(CC(=O)N[C@@H](CS)C(=O)NCC(=O)O)[C@@H](C(=O)O)N
1ax2,VETISFSFSEFEPGNDNLTLQGAALITQSGVLQLTKINQNGMPAWDSTGRTLYAKPVHIWDMTTGTVASFETRFSFSIEQPYTRPLPADGLVFFMGPTKSKPAQGYGYLGIFNNSKQDNSYQTLGVEFDTFSNPWDPPQVPHIGIDVNSIRSIKTQPFQLDNGQVANVVIKYDASSKILHAVLVYPSSGAIYTIAEIVDVKQVLPEWVDVGLSGATGAQRDAAETHDVYSWSFQASLPE,3.99,NAG-GAL,CC(=O)N[C@H]1[C@@H](O)O[C@H](CO)[C@@H](O[C@@H]2O[C@H](CO)[C@H](O)[C@H](O)[C@H]2O)[C@@H]1O
2hj4,AGGGGSSSGADHISLNPDLANEDEVNSCDYWRHCAVDGFLCSCCGGTTTTCPPGSTPSPISWIGTCHNPHDGKDYLISYHDCCGKTACGRCQCNTQTRERPGYEFFLHNDVNWCMANENSTFHCTTSVLVGLAKNREVLTGGHSVSAPQENRIYVMDSVFMHLTESRVHVYDYTNGKFLGMVPTAFNGHVQVSNDGKKIYTMTTYHERITRGKRSDVVEVWDADKLTFEKEISLPPKRVQGLNYDGLFRQTTDGKFIVLQNASPATSIGIVDVAKGDYVEDVTAAAGCWSVIPQPNRPRSFMTICGDGGLLTINLGEDGKVASQSRSKQMFSVKDDPIFIAPALDKDKAHFVSYYGNVYSADFSGDEVKVDGPWSLLNDEDKAKNWVPGGYNLVGLHRASGRMYVFMHPDGKEGTHKFPAAEIWVMDTKTKQRVARIPGRDALSMTIDQQRNLMLTLDGGNVNVYDISQPEPKLLRTIEGAAEASLQVQFHPVGGT,5.37,PNZ,c1cc(ccc1CN)[N+](=O)[O-]
1z3t,QQAGTNTAENHPQLQSQQCTTSGGCKPLSTKVVLDSNWRWVHSTSGYTNCYTGNEWDTSLCPDGKTCAANCALDGADYSGTYGITSTGTALTLKFVTGSNVGSRVYLMADDTHYQLLKLLNQEFTFDVDMSNLPCGLNGALYLSAMDADGGMSKYPGNKAGAKYGTGYCDSQCPKDIKFINGEANVGNWTETGSNTGTGSYGTCCSEMDIWEANNDAAAFTPHPCTTTGQTRCSGDDCARNTGLCDGDGCDFNSFRMGDKTFLGKGMTVDTSKPFTVVTQFLTNDNTSTGTLSEIRRIYIQNGKVIQNSVANIPGVDPVNSITDNFCAQQKTAFGDTNWFAQKGGLKQMGEALGNGMVLALSIWDDHAANMLWLDSDYPTDKDPSAPGVARGTCATTSGVPSDVESQVPNSQVVFSNIKFGDIGSTFSGTS,3.94,CBI,C([C@@H]1[C@H]([C@@H]([C@H]([C@@H](O1)O[C@@H]2[C@H](O[C@H]([C@@H]([C@H]2O)O)O)CO)O)O)O)O
1w6o,ASGLVASNLNLKPGECLRVRGEVAPDAKSFVLNLGKDSNNLCLHFNPRFNAHGDANTIVCNSKDDGAWGTEQREAVFPFQPGSVAEVCITFDQANLTVKLPDGYEFKFPNRLNLEAINYMAADGDFKIKCVAFDASGLVASNLNLKPGECLRVRGEVAPDAKSFVLNLGKDSNNLCLHFNPRFNAHGDANTIVCNSKDDGAWGTEQREAVFPFQPGSVAEVCITFDQANLTVKLPDGYEFKFPNRLNLEAINYMAADGDFKIKCVAFD,3.34,LAT,C([C@@H]1[C@@H]([C@@H]([C@H]([C@@H](O1)O[C@@H]2[C@H](O[C@H]([C@@H]([C@H]2O)O)O)CO)O)O)O)O
2arb,QDSLSFGFPTFPSDQKNLIFQGDAQIKNNAVQLTKTDSNGNPVASTVGRILFSAQVHLWEKSSSRVANFQSQFSFSLKSPLSNGADGIAFFIAPPDTTIPSGSGGGLLGLFAPGTAQNTSANQVIAVEFDTFYAQDSNTWDPNYPHIGIDVNSIRSVKTVKWDRRDGQSLNVLVTFNPSTRNLDVVATYSDGTRYEVSYEVDVRSVLPEWVRVGFSAASGEQYQTHTLESWSFTSTLLYTAQKKGENLALEM,4.41,NAG-MAN,CC(=O)N[C@H]1[C@H](O[C@@H]2[C@@H](O)O[C@H](CO)[C@@H](O)[C@@H]2O)O[C@H](CO)[C@@H](O)[C@@H]1O
2are,QDSLSFGFPTFPSDQKNLIFQGDAQIKNNAVQLTKTDSNGNPVASTVGRILFSAQVHLWEKSSSRVANFQSQFSFSLKSPLSNGADGIAFFIAPPDTTIPSGSGGGLLGLFAPGTAQNTSANQVIAVEFDTFYAQDSNTWDPNYPHIGIDVNSIRSVKTVKWDRRDGQSLNVLVTFNPSTRNLDVVATYSDGTRYEVSYEVDVRSVLPEWVRVGFSAASGEQYQTHTLESWSFTSTLLYTAQKKGENLALEM,3.28,MAN,C([C@@H]1[C@H]([C@@H]([C@@H]([C@H](O1)O)O)O)O)O
2jbj,KSSNEATNITPKHNMKAFLDELKAENIKKFLYNFTQIPHLAGTEQNFQLAKQIQSQWKEFGLDSVELAHYDVLLSYPNKTHPNYISIINEDGNEIFNTSLFEPPPPGYENVSDIVPPFSAFSPQGMPEGDLVYVNYARTEDFFKLERDMKINCSGKIVIARYGKVFRGNKVKNAQLAGAKGVILYSDPADYFAPGVKSYPDGWNLPGGGVQRGNILNLNGAGDPLTPGYPANEYAYRRGIAEAVGLPSIPVHPIGYYDAQKLLEKMGGSAPPDSSWRGSLKVPYNVGPGFTGNFSTQKVKMHIHSTNEVTRIYNVIGTLRGAVEPDRYVILGGHRDSWVFGGIDPQSGAAVVHEIVRSFGTLKKEGWRPRRTILFASWDAEEFGLLGSTEWAEENSRLLQERGVAYINADSSIEGNYTLRVDCTPLMYSLVHNLTKELKSPDEGFEGKSLYESWTKKSPSPEFSGMPRISKLGSGNDFEVFFQRLGIASGRARYTKNWETNKFSGYPLYHSVYETYELVEKFYDPMFKYHLTVAQVRGGMVFELANSIVLPFDCRDYAVVLRKYADKIYSISMKHPQEMKTYSVSFDSLFSAVKNFTEIASKFSERLQDFDKSNPIVLRMMNDQLMFLERAFIDPLGLPDRPFYRHVIYAPSSHNKYAGESFPGIYDALFDIESKVDPSKAWGEVKRQIYVAAFTVQAAAETLSEVA,9.7,G88,C(CC(=O)O)[C@H](CP(=O)(O)O)C(=O)O
2pog,NSLALSLTADQMVSALLDAEPPILYSEYDPTRPFSEASMMGLLTNLADRELVHMINWAKRVPGFVDLTLHDQVHLLESAWLEILMIGLVWRSMEHPGKLLFAPNLLLDRNQGKSVEGMVEIFDMLLATSSRFRMMNLQGEEFVCLKSIILLNSGVYTFLSSTLKSLEEKDHIHRVLDKITDTLIHLMAKAGLTLQQQHQRLAQLLLILSHIRHMSNKGMEHLYSMKSKNVVPLYDLLLEMLDAHRLHA,9.54,WST,c1cc(c2c(c1)O[C@H]([C@@H]3[C@H]2CCC3)c4ccc(cc4)O)O
2p98,AISIKTPEDIEKMRVAGRLAAEVLEMIEPYVKPGVSTGELDRICNDYIVNEQHAVSACLGYHGYPKSVCISINEVVCHGIPDDAKLLKDGDIVNIDVTVIKDGFHGDTSKMFIVGKPTIMGERLCRITQESLYLALRMVKPGINLREIGAAIQKFVEAEGFSVVREYCGHGIGRGFHEEPQVLHYDSRETNVVLKPGMTFTIEPMVNAGKKEIRTMKDGWTVKTKDRSLSAQYEHTIVVTDNGCEILTLRKDDTIPAIISHD,6.19,YE7,c1ccc2c(c1)ccn3c2nc(c3)C(=O)NN
2z4b,MHHHHHHRELLLDALSPEQLVLTLLEAEPPHVLISRPSAPFTEASMMMSLTKLADKELVHMISWAKKIPGFVELSLFDQVRLLESCWMEVLMMGLMWRSIDHPGKLIFAPDLVLDRDEGKCVEGILEIFDMLLATTSRFRELKLQHKEYLCVKAMILLNSSMYPLVTATQDADSSRKLAHLLNAVTDALVWVIAKSGISSQQQSMRLANLLMLLSHVRHASNKGMEHLLNMKCKNVVPVYDLLLEMLNAHVLRGCKS,9.36,DC8,c1cc(ccc1[C@H]2[C@H]3CC(C[C@H]3c4cc(ccc4O2)O)(F)F)O
2jj3,MHHHHHHRELLLDALSPEQLVLTLLEAEPPHVLISRPSAPFTEASMMMSLTKLADKELVHMISWAKKIPGFVELSLFDQVRLLESCWMEVLMMGLMWRSIDHPGKLIFAPDLVLDRDEGKCVEGILEIFDMLLATTSRFRELKLQHKEYLCVKAMILLNSSMYPLVTATQDADSSRKLAHLLNAVTDALVWVIAKSGISSQQQSMRLANLLMLLSHVRHASNKGMEHLLNMKCKNVVPVYDLLLEMLNAHVLRGCKS,9.55,JJ3,COCc1cc(cc2c1O[C@H]([C@@H]3[C@H]2CCC3)c4ccc(cc4)O)O
1vso,GANRTLIVTTILEEPYVMYRKSDKPLYGNDRFEGYCLDLLKELSNILGFLYDVKLVPDGKYGAQNDKGEWNGMVKELIDHRADLAVAPLTITYVREKVIDFSKPFMTLGISILYRKGTPIDSADDLAKQTKIEYGAVRDGSTMTFFKKSKISTYEKMWAFMSSRQQSALVKNSDEGIQRVLTTDYALLMESTSIEYVTQRNCNLTQIGGLIDSKGYGVGTPIGSPYRDKITIAILQLQEEGKLHMMKEKWWRGNGCP,4.72,AT1,CC(C)(C)c1c(c(no1)OCP(=O)(O)O)C[C@@H](C(=O)O)N
2d2v,MRQLLLISDLDNTWVGDQQALEHLQEYLGDRRGNFYLAYATGRSYHSARELQKQVGLMEPDYWLTAVGSEIYHPEGLDQHWADYLSEHWQRDILQAIADGFEALKPQSPLEQNPWKISYHLDPQACPTVIDQLTEMLKETGIPVQVIFSSGKDVDLLPQRSNKGNATQYLQQHLAMEPSQTLVCGDSGNDIGLFETSARGVIVRNAQPELLHWYDQWGDSRHYRAQSSHAGAILEAIAHFDFLS,1.0,MAL,C([C@@H]1[C@H]([C@@H]([C@H]([C@H](O1)O[C@@H]2[C@H](O[C@@H]([C@@H]([C@H]2O)O)O)CO)O)O)O)O
2b1q,MRQLLLISDLDNTWVGDQQALEHLQEYLGDRRGNFYLAYATGRSYHSARELQKQVGLMEPDYWLTAVGSEIYHPEGLDQHWADYLSEHWQRDILQAIADGFEALKPQSPLEQNPWKISYHLDPQACPTVIDQLTEMLKETGIPVQVIFSSGKDVDLLPQRSNKGNATQYLQQHLAMEPSQTLVCGDSGNDIGLFETSARGVIVRNAQPELLHWYDQWGDSRHYRAQSSHAGAILEAIAHFDFLS,1.59,TRE,C([C@@H]1[C@H]([C@@H]([C@H]([C@H](O1)O[C@@H]2[C@@H]([C@H]([C@@H]([C@H](O2)CO)O)O)O)O)O)O)O
2nnq,CDAFVGTWKLVSSENFDDYMKEVGVGFATRKVAGMAKPNMIISVNGDVITIKSESTFKNTEISFILGQEFDEVTADDRKVKSTITLDGGVLVHVQKWDGKSTTIKRKREDDKLVVECVMKGVTSTRVYERA,8.7,T4B,CCc1c(c(nn1c2ccccc2c3cccc(c3)OCC(=O)O)c4ccccc4)c5ccccc5
2cem,PQITLWQRPLVTIKIGGQLKEALLDTGADDTVLEEMSLPGRWKPKMIGGIGGFIKVRQYDQILIEICGHKAIGTVLVGPTPVNIIGRNLLTQIGCTLNF,7.92,2AH,CC(C)(C)[C@@H](C(=O)N[N@](Cc1ccc(cc1)c2ccccn2)C[C@@](Cc3ccccc3)(C(=O)N[C@H]4c5ccccc5C[C@H]4O)O)NC(=O)OC
2b3f,MKLEIFSWWAGDEGPALEALIRLYKQKYPGVEVINATVTGGAGVNARAVLKTRMLGGDPPDTFQVHAGMELIGTWVVANRMEDLSALFRQEGWLQAFPKGLIDLISYKGGIWSVPVNIHRSNVMWYLPAKLKGWGVNPPRTWDKFLATCQTLKQKGLEAPLALGENWTQQHLWESVALAVLGPDDWNNLWNGKLKFTDPKAVRAWEVFGRVLDCANKDAAGLSWQQAVDRVVQGKAAFNIMGDWAAGYMTTTLKLKPGTDFAWAPSPGTQGVFMMLSDSFGLPKGAKNRQNAINWLRLVGSKEGQDTSNPLKGSIAARLDSDPSKYNAYGQSAMRDWRSNRIVGSLVHGAVAPESFMSQFGTVMEIFLQTRNPQAAANAAQAIADQVGLGRLGQHHHHHH,6.03,GAL,C([C@@H]1[C@@H]([C@@H]([C@H]([C@@H](O1)O)O)O)O)O
2bbf,MVEATAQETDRPRFSFSIAAREGKARTGTIEMKRGVIRTPAFMPVGTAATVKALKPETVRATGADIILGNTYHLMLRPGAERIAKLGGLHSFMGWDRPILTDSGGYQVMSLSSLTKQSEEGVTFKSHLDGSRHMLSPERSIEIQHLLGSDIVMAFDECTPYPATPSRAASSMERSMRWAKRSRDAFDSRKEQAENAALFGIQQGSVFENLRQQSADALAEIGFDGYAVGGLAVGEGQDEMFRVLDFSVPMLPDDKPHYLMGVGKPDDIVGAVERGIDMFDCVLPTRSGRNGQAFTWDGPINIRNARFSEDLKPLDSECHCAVCQKWSRAYIHHLIRAGEILGAMLMTEHNIAFYQQLMQKIRDSISEGRFSQFAQDFRARYFARNS,5.1,344,c1c2c(cc3c1nc[nH]3)N=C(NC2=O)N
2hr6,MMKKIDVKILDPRVGKEFPLPTYATSGSAGLDLRACLNDAVELAPGDTTLVPTGLAIHIADPSLAAMMLPRSGLGHKHGIVLGNLVGLIDSDYQGQLMISVWNRGQDSFTIQPGERIAQMIFVPVVQAEFNLVEDFDATDRGEGGFGHSGRQ,4.92,DUD,C1[C@@H]([C@H](O[C@H]1N2C=CC(=O)NC2=O)CO[P@](=O)(O)OP(=O)(O)O)O
2idz,TGLLDGKRILVSGIITDSSIAFHIARVAQEQGAQLVLTGFDRLRLIQRITDRLPAKAPLLELDVQNEEHLASLAGRVTEAIGAGNKLDGVVHSIGFMPQTGMGINPFFDAPYADVSKGIHISAYSYASMAKALLPIMNPGGSIVGMDFDPSRAMPAYNWMTVAKSALESVNRFVAREAGKYGVRSNLVAAGPIRTLAMSAIVGGALGEEAGAQIQLLEEGWDQRAPIGWNMKDATPVAKTVCALLSDWLPATTGDIIYADGGAHTQLL,9.4,ZID,c1cnccc1C(=O)c2cc[n+](cc2C(=O)N)[C@H]3[C@@H]([C@@H]([C@H](O3)COP(=O)([O-])O[P@@](=O)(O)OC[C@@H]4[C@H]([C@H]([C@@H](O4)n5cnc6c5ncnc6N)O)O)O)O
2ihk,MKTITLYLDPASLPALNQLMDFTQNNEDKTHPRIFGLSRFKIPDNIITQYQNIHFVELKDNRPTEALFTILDQYPGNIELNIHLNIAHSVQLIRPILAYRFKHLDRVSIQQLNLYDDGSMEYVDLEKEENKDISAEIKQAEKQLSHYLLTGKIKFDNPTIARYVWQSAFPVKYHFLSTDYFEKAEFLQPLKEYLAENYQKMDWTAYQQLTPEQQAFYLTLVGFNDEVKQSLEVQQAKFIFTGTTTWEGNTDVREYYAQQQLNLLNHFTQAEGDLFIGDHYKIYFKGHPRGGEINDYILNNAKNITNIPANISFEVLMMTGLLPDKVGGVASSLYFSLPKEKISHIIFTSNKQVKSKEDALNNPYVKVMRRLGIIDESQVIFWDSLKQLGGGLEHHHHHH,4.16,CSF,CC(=O)N[C@@H]1[C@H]([C@H](C(O[C@H]1[C@@H]([C@@H](CO)O)O)(C(=O)O)O[P@](=O)(O)OC[C@@H]2[C@H]([C@H]([C@@H](O2)N3C=CC(=NC3=O)N)O)O)F)O
2ilz,GEIQWMRPSKEVGYPIINAPSKTKLEPSAFHYVFEGVKEPAVLTKNDPRLKTDFEEAIFSKYVGNKITEVDEYMKEAVDHYAGQLMSLDINTEQMCLEDAMYGTDGLEALDLSTSAGYPYVAMGKKKRDILNKQTRDTKEMQKLLDTYGINLPLVTYVKDELRSKTKVEQGKSRLIEASSLNDSVAMRMAFGNLYAAFHKNPGVITGSAVGCDPDLFWSKIPVLMEEKLFAFDYTGYDASLSPAWFEALKMVLEKIGFGDRVDYIDYLNHSHHLYKNKTYCVKGGMPSGCSGTSIFNSMINNLIIRTLLLKTYKGIDLDHLKMIAYGDDVIASYPHEVDASLLAQSGKDYGLTMTPADKSATFETVTWENVTFLKRFFRADEKYPFLIHPVMPMKEIHESIRWTKDPRNTQDHVRSLCLLAWHNGEEEYNKFLAKIRSVPIGRALDLPEYSTLYDRWLDSF,5.4,GTP,c1nc2c(n1[C@H]3[C@@H]([C@@H]([C@H](O3)CO[P@](=O)(O)O[P@](=O)(O)OP(=O)(O)O)O)O)N=C(NC2=O)N
2jff,MADYQGKNVVIIGLGLTGLSCVDFFLARGVTPRVMDTRMTPPGLDKLPEAVERHTGSLNDEWLMAADLIVASPGIALAHPSLSAAADAGIEIVGDIELFCREAQAPIVAITGSNGKSTVTTLVGEMAKAAGVNVGVGGNIGLPALMLLDDECELYVLELSSFQLETTSSLQAVAATILNVTEDHMDRYPFGLQQYRAAKLRIYENAKVCVVNADDALTMPIRGADERCVSFGVNMGDYHLNHQQGETWLRVKGEKVLNVKEMKLSGQHNYTNALAALALADAAGLPRASSLKALTTFTGLPHRFEVVLEHNGVRWINDSKATNVGSTEAALNGLHVDGTLHLLLGGDGKSADFSPLARYLNGDNVRLYCFGRDGAQLAALRPEVAEQTETMEQAMRLLAPRVQPGDMVLLSPACASLDQFKNFEQRGNEFARLAKELGSHHHHHH,3.62,LK2,CCCCOc1ccc2cc(ccc2c1)S(=O)(=O)N[C@H](CCC(=O)O)C(=O)O
2otz,MNIFEMLRIDEGLRLKIYKDTEGYYTIGIGHLLTKSPSLNAAKSELDKAIGRNTNGVITKDEAEKLFNQDVDAAVRGILRNAKLKPVYDSLDAVRRAAAINMVFQMGETGVAGFTNSLRMLQQKRWDEAAVNLAKSRWYNQTPNRAKRVITTFRTGTWDAYK,3.63,1MR,CNc1ccccc1
2ou0,MNIFEMLRIDEGLRLKIYKDTEGYYTIGIGHLLTKSPSLNAAKSELDKAIGRNTNGVITKDEAEKLFNQDVDAAVRGILRNAKLKPVYDSLDAVRRAAAINMVFQMGETGVAGFTNSLRMLQQKRWDEAAVNLAKSRWYNQTPNRAKRVITTFRTGTWDAYK,3.23,MR3,Cn1cccc1
2pjo,MIFPKQYPIINFTTAGATVQSYTNFIRAVRGRLTTGADVRHEIPVLPNRVGLPINQRFILVELSNHAELSVTLALDVTNAYVVGYRAGNSAYFFHPDNQEDAEAITHLFTDVQNRYTFAFGGNYDRLEQLAGNLRENIELGNGPLEEAISALYYYSTGGTQLPTLARSFIICIQMISEAARFQYIEGEMRTRIRYNRRSAPDPSVITLENSWGRLSTAIQESNQGAFASPIQLQRRNGSKFSVYDVSILIPIIALMVYRCAPPPSSQF,0.05,NMU,CNC(=O)N
2pzv,MNLPTAQEVQGLMARYIELVDVGDIEAIVQMYADDATVENPFGQPPIHGREQIAAFYRQGLGGGKVRACLTGPVRASHNGCGAMPFRVEMVWNGQPCALDVIDVMRFDEHGRIQTMQAYWSEVNLSVREPQ,3.87,IPH,c1ccc(cc1)O
2q3c,GSHMSIAEDITQLIGRTPLVRLRRVTDGAVADIVAKLEFFNPANSVKDRIGVAMLQAAEQAGLIKPDTIILEPTSGNTGIALAMVCAARGYRCVLTMPETMSLERRMLLRAYGAELILTPGADGMSGAIAKAEELAKTDQRYFVPQQFENPANPAIHRVTTAEEVWRDTDGKVDIVVAGVGTGGTITGVAQVIKERKPSARFVAVEPAASPVLSGGQKGPHPIQGIGAGFVPPVLDQDLVDEIITVGNEDALNVARRLAREEGLLVGISSGAATVAALQVARRPENAGKLIVVVLPDFGERYLSTPLFADVADDFSI,5.3,ASP-PHE-SER-ILE,CC[C@H](C)[C@H](NC(=O)[C@H](CO)NC(=O)[C@H](Cc1ccccc1)NC(=O)[C@@H]([NH3+])CC(=O)[O-])C(=O)[O-]
2qeh,METVQDCENKLPPSLKSRLCEIRRYEIIEGPEMDKHIHCVMRALDFVYEDGRGDYHKLYDPLNIIELDKRHDVNLEKCIGECVQVPTSERAHVFYKCLLKSTTGRTFKKVFDLMELKKAGKVPQHQRYTAEFVQIMKDYDKALNC,8.62,SRO,c1cc2c(cc1O)c(c[nH]2)CCN
2qvu,TDQAAFDTNIVTLTRFVMEEGRKARGTGEMTQLLNSLCTAVKAISTAVRKAGIAHLYGIAGSTNVTGDQVKKLDVLSNDLVINVLKSSFATCVLVSEEDKNAIIVEPEKRGKYVVCFDPLDGSSNIDCLVSIGTIFGIYRKNSTDEPSEKDALQPGRNLVAAGYALYGSATMLVLAMVNGVNCFMLDPAIGEFILVDRDVKIKKKGSIYSINEGYAKEFDPAITEYIQRKKFPPDNSAPYGARYVGSMVADVHRTLVYGGIFMYPANKKSPKGKLRLLYECNPMAYVMEKAGGLATTGKEAVLDIVPTDIHQRAPIILGSPEDVTELLEIYQKHAAK,6.44,FDP,C([C@@H]1[C@H]([C@@H]([C@](O1)(CO)OP(=O)(O)O)O)O)OP(=O)(O)O
2r3d,MIFPKQYPIINFTTAGATVQSYTNFIRAVRGRLTTGADVRHEIPVLPNRVGLPINQRFILVELSNHAELSVTLALDVTNAYVVGYRAGNSAYFFHPDNQEDAEAITHLFTDVQNRYTFAFGGNYDRLEQLAGNLRENIELGNGPLEEAISALYYYSTGGTQLPTLARSFIICIQMISEAARFQYIEGEMRTRIRYNRRSAPDPSVITLENSWGRLSTAIQESNQGAFASPIQLQRRNGSKFSVYDVSILIPIIALMVYRCAPPPSSQF,-0.15,ACM,CC(=O)N
2rde,MGSSHHHHHHSSGLVPRGSHMTVSTINSTDALAMVEHSSELTLSITTPVGTKFVCRTPFIGTHTDKFLLVEMPKISADDLQYFFQEGFWMNIRAISPRGEGALIHFRSQLMHILQEPVPMAFLSIPNTMQVSQLRKEPRFELNLAGKVLFDEHRGDCELRDLSRSGCRFITPPLGKTYQVGDLVALEIFSDLRGTKTFPPLTGKICNLQRSLHHARYGLEFNEEGRNNAKNLLAQLKFNGTKLTLNAEKKA,7.01,C2E,c1nc2c(n1[C@H]3[C@@H]([C@H]4[C@H](O3)CO[P@@](=O)(O[C@@H]5[C@@H](CO[P@@](=O)(O4)O)O[C@H]([C@@H]5O)n6cnc7c6N=C(NC7=O)N)O)O)N=C(NC2=O)N
2v8q,GSMAWHLGIRSQSRPNDIMAEVCRAIKQLDYEWKVVNPYYLRVRRKNPVTSTFSKMSLQLYQVDSRTYLLDFRSIDDEITEAKSGTATPQRSGSISNYRSCQRSDSDAEAQGKPSEVSLTSSVTSLDSSPVDVAPRPGSHTIEFFEMCANLIKILAQMGPYGQEMYAFRSEERFKSPPILPPHLLQVILNKDTNISCDPALLPEPNHVMLNHLYALSIKDSVMVLSATHRYKKKYVTTLLYKPIMESVAAESAPAPENEHSQETPESNSSVYTTFMKSHRCYDLIPTSSKLVVFDTSLQVKKAFFALVTNGVRAAPLWDSKKQSFVGMLTITDFINILHRYYKSALVQIYELEEHKIETWREVYLQDSFKPLVCISPNASLFDAVSSLIRNKIHRLPVIDPESGNTLYILTHKRILKFLKLFITEFPKPEFMSKSLEELQIGTYANIAMVRTTTPVYVALGIFVQHRVSALPVVDEKGRVVDIYSKFDVINLAAEKTYNNLDVSVTKALQHRSHYFEGVLKCYLHETLEAIINRLVEAEVHRLVVVDEHDVVKGIVSLSDILQALVLTGGEKKP,4.61,AMP,c1nc(c2c(n1)n(cn2)[C@H]3[C@@H]([C@@H]([C@H](O3)COP(=O)(O)O)O)O)N
3bgz,MGSSHHHHHHSSGLVPRGSHMLLSKINSLAHLRAAPCNDLHATKLAPGKEKEPLESQYQVGPLLGSGGFGSVYSGIRVSDNLPVAIKHVEKDRISDWGELPNGTRVPMEVVLLKKVSSGFSGVIRLLDWFERPDSFVLILERPEPVQDLFDFITERGALQEELARSFFWQVLEAVRHCHNCGVLHRDIKDENILIDLNRGELKLIDFGSGALLKDTVYTDFDGTRVYSPPEWIRYHRYHGRSAAVWSLGILLYDMVCGDIPFEHDEEIIRGQVFFRQRVSSECQHLIRWCLALRPSDRPTFEEIQNHPWMQDVLLPQETAEIHLHSLSPGPSK,6.26,VX3,c1ccc(cc1)c2c3cccc(c3[nH]c2c4ccccc4)C(=O)O
2v8y,MATVEPETTPTPNPPTTEEEKTESNQEVANPEHYIKHPLQNRWALWFFKNDKSKTWQANLRLISKFDTVEDFWALYNHIQLSSNLMPGCDYSLFKDGIEPMWEDEKNKRGGRWLITLNKQQRRSDLDRFWLETLLCLIGESFDDYSDDVCGAVVNVRAKGDKIAIWTTECENREAVTHIGRVYKERLGLPPKIVIGYQSHADTATKSGSTTKNRFVVRIIYDRKFLMECRN,5.71,MGV,c1cc(ccc1C[n+]2cn(c3c2C(=O)NC(=N3)N)[C@H]4[C@@H]([C@@H]([C@H](O4)COP(=O)(O)O)O)O)F
2jgb,GPLHMKAVVPGPAEHPLQYNYTFWYSRRTPGRPTSSQSYEQNIKQIGTFASVEQFWRFYSHMVRPGDLTGHSDFHLFKEGIKPMWEDDANKNGGKWIIRLRKGLASRCWENLILAMLGEQFMVGEEICGAVVSVRFQEDIISIWNKTASDQATTARIRDTLRRVLNLPPNTIMEYKTHTDSIKMPGRLGPQRLLFRIIYDRKFLMECRNSPV,5.61,MGT,CN1CN(C2=C1C(=O)NC(=N2)N)[C@H]3[C@@H]([C@@H]([C@H](O3)CO[P@](=O)(O)O[P@](=O)(O)OP(=O)(O)O)O)O
1gja,KPSSPPEELKFQCGQKTLRPRFKIIGGEFTTIENQPWFAAIYRRHRGGSVTYVCGGSLMSPCWVISATHCFIDYPKKEDYIVYLGRSRLNSNTQGEMKFEVENLILHKDYSADTLAHHNDIALLKIRSKEGRCAQPSRTIQTICLPSMYNDPQFGTSCEITGFGKEASTDYLYPEQLKMTVVKLISHRECQQPHYYGSEVTTKMLCAADPQWKTDSCQGDSGGPLVCSLQGRMTLTGIVSWGRGCALKDKPGVYTRVSHFLPWIRSHTKEENGLAL,5.42,135,[H]/N=C(c1ccc(cc1)NC(=O)c2ccccc2O)/N
1swk,AEAGITGTWYNQLGSTFIVTAGADGALTGTYESAVGNAESRYVLTGRYDSAPATDGSGTALGWTVAFKNNYRNAHSATTWSGQYVGGAEARINTQWLLTSGTTEANAWKSTLVGHDTFTKVKPSAAS,12.0,BTN,C1[C@H]2[C@@H]([C@@H](S1)CCCCC(=O)O)NC(=O)N2
1ax1,VETISFSFSEFEPGNDNLTLQGAALITQSGVLQLTKINQNGMPAWDSTGRTLYAKPVHIWDMTTGTVASFETRFSFSIEQPYTRPLPADGLVFFMGPTKSKPAQGYGYLGIFNNSKQDNSYQTLGVEFDTFSNPWDPPQVPHIGIDVNSIRSIKTQPFQLDNGQVANVVIKYDASSKILHAVLVYPSSGAIYTIAEIVDVKQVLPEWVDVGLSGATGAQRDAAETHDVYSWSFQASLPE,3.29,GLC-GAL,OC[C@H]1O[C@@H](O)[C@H](O)[C@@H](O)[C@@H]1O[C@@H]1O[C@H](CO)[C@H](O)[C@H](O)[C@H]1O
1toi,MFENITAAPADPILGLADLFRADERPGKINLGIGLYYDETGKIPVLTSVKKAEQYLLENETTKLYLGIDGIPEFGRCTQELLFGKGSALINDKRARTAQTPGGSGALRVAADFLAKNTSVKRVWVSNPSWPNHKSVFNSAGLEVREYAYYDAENHTLDFDALINSLNEAQAGDVVLFHGCCHNPTGIDPTLEQWQTLAQLSVEKGWLPLFDFAYQGFARGLEEDAEGLRAFAAMHKELIVASSYSKNFGLYNERVGACTLVAADSETVDRAFSQMKAAIRDNYSSPPAHGASVVATILSNDALRAIWEQELTDMRQRIQRMRQLFVNTLQEKGANRDFSFIIKQNGMFSFSGLTKEQVLRLREEFGVYAVASGRVNVAGMTPDNMAPLCEAIVAVL,4.05,HCI,c1ccc(cc1)CCC(=O)O
1iup,MANLEIGKSILAAGVLTNYHDVGEGQPVILIHGSGPGVSAYANWRLTIPALSKFYRVIAPDMVGFGFTDRPENYNYSKDSWVDHIIGIMDALEIEKAHIVGNAFGGGLAIATALRYSERVDRMVLMGAAGTRFDVTEGLNAVWGYTPSIENMRNLLDIFAYDRSLVTDELARLRYEASIQPGFQESFSSMFPEPRQRWIDALASSDEDIKTLPNETLIIHGREDQVVPLSSSLRLGELIDRAQLHVFGRCGHWTQIEQTDRFNRLVVEFFNEANTPKLVGRP,2.54,ISB,CC(C)C(=O)[O-]
1tog,MFENITATTADPILGLADLFRADERPGKIDLGIGVYKDETGKTPVLTSVKKAEQYLLENETTKNYLGIDGIPEFGRCTQELLFGKGSALINDKRARTAQTPGGSGALRVAADFLAKNTSVKRVWVSNPSWPNHKSVFNSAGLEVREYAYYDAENHTLDFDALINSLNEAQAGDVVLFHGCCHNPTGIDPTLEQWQTLAQLSVEKGWLPLFDFAYQGFARGLEEDAEGLRAFAAMHKELIVASSYSKNFALYNERVGACTLVAADSETVDRAFGQMKAAIRDNYSSPPAHGASVVATILSNDALRAIWEQELTDMRQRIQRMRQLFVNTLQEKGANRDFSFIIKQNGMFSFSGLTKEQVLRLREEFGVYAVASGRVNVAGMTPDNMAPLCEAIVAVL,3.22,HCI,c1ccc(cc1)CCC(=O)O
1uto,FIFLALLGAAVAFPVDDDDKIVGGYTCGANTVPYQVSLNSGYHFCGGSLINSQWVVSAAHCYKSGIQVRLGEDNINVVEGNEQFISASKSIVHPSYNSNTLNNDIMLIKLKSAASLNSRVASISLPTSCASAGTQCLISGWGNTKSSGTSYPDVLKCLKAPILSDSSCKSAYPGQITSNMFCAGYLEGGKDSCQGDSGGPVVCSGKLQGIVSWGSGCAQKNKPGVYTKVCNYVSWIKQTIASN,2.27,PEA,c1ccc(cc1)CC[NH3+]
1ukb,MANLEIGKSILAAGVLTNYHDVGEGQPVILIHGSGPGVSAYANWRLTIPALSKFYRVIAPDMVGFGFTDRPENYNYSKDSWVDHIIGIMDALEIEKAHIVGNAFGGGLAIATALRYSERVDRMVLMGAAGTRFDVTEGLNAVWGYTPSIENMRNLLDIFAYDRSLVTDELARLRYEASIQPGFQESFSSMFPEPRQRWIDALASSDEDIKTLPNETLIIHGREDQVVPLSSSLRLGELIDRAQLHVFGRCGHWTQIEQTDRFNRLVVEFFNEANTPKLVGRP,3.19,BEZ,c1ccc(cc1)C(=O)O
2cjp,TSHHHHHMKKIEHKMVAVNGLNMHLAELGEGPTILFIHGFPELWYSWRHQMVYLAERGYRAVAPDLRGYGDTTGAPLNDPSKFSILHLVGDVVALLEAIAPNEEKVFVVAHDWGALIAWHLCLFRPDKVKALVNLSVHFSKRNPKMNVVEGLKAIYGEDHYISRFQVPGEIEAEFAPIGAKSVLKKILTYRDPAPFYFPKGKGLEAIPDAPVALSSWLSEEELDYYANKFEQTGFTGAVNYYRALPINWELTAPWTGAQVKVPTKFIVGEFDLVYHIPGAKEYIHNGGFKKDVPLLEEVVVLEGAAHFVSQERPHEISKHIYDFIQKF,3.1,VPR,CCCC(CCC)C(=O)N
1vot,DDHSELLVNTKSGKVMGTRVPVLSSHISAFLGIPFAEPPVGNMRFRRPEPKKPWSGVWNASTYPNNCQQYVDEQFPGFSGSEMWNPNREMSEDCLYLNIWVPSPRPKSTTVMVWIYGGGFYSGSSTLDVYNGKYLAYTEEVVLVSLSYRVGAFGFLALHGSQEAPGNVGLLDQRMALQWVHDNIQFFGGDPKTVTIFGESAGGASVGMHILSPGSRDLFRRAILQSGSPNCPWASVSVAEGRRRAVELGRNLNCNLNSDEELIHCLREKKPQELIDVEWNVLPFDSIFRFSFVPVIDGEFFPTSLESMLNSGNFKKTQILLGVNKDEGSFFLLYGAPGFSKDSESKISREDFMSGVKLSVPHANDLGLDAVTLQYTDWMDDNNGIKNRDGLDDIVGDHNVICPLMHFVNKYTKFGNGTYLYFFNHRASNLVWPEWMGVIHGYEIEFVFGLPLVKELNYTAEEEALSRRIMHYWATFAKTGNPNEPHSQESKWPLFTTKEQKFIDLNTEPMKVHQRLRVQMCVFWNQFLPKLLNATAC,6.6,HUP,C/C=C/1[C@@H]2CC3=C([C@]1(CC(=C2)C)N)C=CC(=O)N3
2add,QQIEQPYRTGYHFQPPSNWMNDPNGPMLYQGVYHFFYQYNPYAATFGDVIIWGHAVSYDLVNWIHLDPAIYPTQEADSKSCWSGSATILPGNIPAMLYTGSDSKSRQVQDLAWPKNLSDPFLREWVKHPKNPLITPPEGVKDDCFRDPSTAWLGPDGVWRIVVGGDRDNNGMAFLYQSTDFVNWKRYDQPLSSADATGTWECPDFYPVPLNSTNGLDTSVYGGSVRHVMKAGFEGHDWYTIGTYSPDRENFLPQNGLSLTGSTLDLRYDYGQFYASKSFFDDAKNRRVLWAWVPETDSQADDIEKGWAGLQSFPRALWIDRNGKQLIQWPVEEIEELRQNQVNLQNKNLKPGSVLEIHGIAASQADVTISFKLEGLKEAEVLDTTLVDPQALCNERGASSRGALGPFGLLAMASKDLKEQSAIFFRVFQNQLGRYSVLMCSDLSRSTVRSNIDTTSYGAFVDIDPRSEEISLRNLIDHSIIESFGAGGKTCITSRIYPKFVNNEEAHLFVFNNGTQNVKISEMSAWSMKNAKFVVDQSVKSAA,2.46,SUC,C([C@@H]1[C@H]([C@@H]([C@H]([C@H](O1)O[C@]2([C@H]([C@@H]([C@H](O2)CO)O)O)CO)O)O)O)O
2c1q,GTRKCELQGLWRNELGSNMTISALDVAGTFSGSYQTAVTATNKQILVSPLKGAQQPPGTKGQQPTFGFTVQWQFADSTTVFVGQCFVDRRGKEMLEMAWLLREEVPSRKDTWKATRVGTNVFTRVK,13.0,BTN,C1[C@H]2[C@@H]([C@@H](S1)CCCCC(=O)O)NC(=O)N2
2j4k,MNIILKISGKFFDEDNVDNLIVLRQSIKELADNGFRVGIVTGGGSTARRYIKLAREIGIGEAYLDLLGIWASRLNAYLVMFSLQDLAYMHVPQSLEEFIQDWSHGKVVVTGGFQPGQSTAAVAALVAEASSSKTLVVATNVDGVYEKDPRIYADVKLIPHLTTQDLRKILEGSQSVQAGTYELLDPLAIKIVERSKIRVIVMNYRKLNRIIDILKGEEVSSIIEPV,4.85,U5P,C1=CN(C(=O)NC1=O)[C@H]2[C@@H]([C@@H]([C@H](O2)COP(=O)(O)O)O)O
2jdy,MATQGVFTLPANTRFGVTAFANSSNTQTVNVLVNNETAATFSGQSTNNAVIGTQVLNSGSSGKVQVQVSVNGRPSDLVSAQVILTNELNFALVGSEDGTDNDYNDAVVVINWPLG,4.37,MMA,CO[C@@H]1[C@H]([C@H]([C@@H]([C@H](O1)CO)O)O)O
2p3t,KLCSLDNGDCDQFCHEEQNSVVCSCARGYTLADNGKACIPTGPYPCGKQTLEIVGGQECKDGECPWQALLINEENEGFCGGTILSEFYILTAAHCLYQAKRFKVRVGDRNTEQEEGGEAVHEVEVVIKHNRFTKETYDFDIAVLRLKTPITFRMNVAPACLPERDWAESTLMTQKTGIVSGFGRTHEKGRQSTRLKMLEVPYVDRNSCKLSSSFIITQNMFCAGYDTKQEDACQGDSGGPHVTRFKDTYFVTGIVSWGEGCARKGKYGIYTKVTAFLKWIDRSMK,11.3,993,CNc1nccn1Cc2csc(c2Cl)C(=O)Nc3c(cc(cc3OC)Cl)C(=O)Nc4ccc(cn4)Cl
2p4y,GSQLNPESADLRALAKHLYDSYIKSFPLTKAKARAILTGKTTDKSPFVIYDMNSLMMGEDKIKFKHITPLQEQSKEVAIRIFQGCQFRSVEAVQEITEYAKSIPGFVNLDLNDQVTLLKYGVHEIIYTMLASLMNKDGVLISEGQGFMTREFLKSLRKPFGDFMEPKFEFAVKFNALELDDSDLAIFIAVIILSGDRPGLLNVKPIEDIQDNLLQALELQLKLNHPESSQLFAKLLQKMTDLRQIVTEHVQLLQVIKKTETDMSLHPLLQEIYKDLY,9.0,C03,Cc1c(c2ccc(cc2n1Cc3cc(ccc3Cl)O[C@H](C)C(=O)O)OC(F)(F)F)c4c5ccc(cc5on4)OC
2q6m,GSHMAVITPQGVTNWTYQELEATHQALTREGYVFVGYHGTNHVAAQTIVNRIAPVPRGNNTENEEKWGGLYVATHAEVAHGYARIKEGTGEYGLPTRAERDARGVMLRVYIPRASLERFYRTNTPLENAEEHITQVIGHSLPLRNEAFTGPESAGGEDETVIGWDMAIHAVAIPSTIPGNAYEELAIDEEAVAKEQSISTKPPYKERKDELK,6.29,P34,CN(C)CC(=O)Nc1ccc2c(c1)-c3ccccc3C(=O)N2
2qbq,MEMEKEFEQIDKSGSWAAIYQDIRHEASDFPCRVAKLPKNKNRNRYRDVSPFDHSRIKLHQEDNDYINASLIKMEEAQRSYILTQGPLPNTCGHFWEMVWEQKSRGVVMLNRVMEKGSLKCAQYWPQKEEKEMIFEDTNLKLTLISEDIKSYYTVRQLELENLTTQETREILHFHYTTWPDFGVPESPASFLNFLFKVRESGSLSPEHGPVVVHCSAGIGRSGTFCLADTCLLLMDKRKDPSSVDIKKVLLEMRKFRMGLIQTADQLRFSYLAVIEGAKFIMGDSSVQDQWKELSHEDL,7.44,4B3,CC1(CC(CC(C1)(C)C)Nc2cccc(c2)c3c(c(c(s3)C(=O)O)OCC(=O)O)Br)C
2qbr,MEMEKEFEQIDKSGSWAAIYQDIRHEASDFPCRVAKLPKNKNRNRYRDVSPFDHSRIKLHQEDNDYINASLIKMEEAQRSYILTQGPLPNTCGHFWEMVWEQKSRGVVMLNRVMEKGSLKCAQYWPQKEEKEMIFEDTNLKLTLISEDIKSYYTVRQLELENLTTQETREILHFHYTTWPDFGVPESPASFLNFLFKVRESGSLSPEHGPVVVHCSAGIGRSGTFCLADTCLLLMDKRKDPSSVDIKKVLLEMRKFRMGLIQTADQLRFSYLAVIEGAKFIMGDSSVQDQWKELSHEDL,6.33,910,c1ccc(cc1)CNc2cccc(c2)c3c(c(c(s3)C(=O)O)OCC(=O)O)Br
2qmj,SAECPVVNELERINCIPDQPPTKATCDQRGCCWNPQGAVSVPWCYYSKNHSYHVEGNLVNTNAGFTARLKNLPSSPVFGSNVDNVLLTAEYQTSNRFHFKLTDQTNNRFEVPHEHVQSFSGNAAASLTYQVEISRQPFSIKVTRRSNNRVLFDSSIGPLLFADQFLQLSTRLPSTNVYGLGEHVHQQYRHDMNWKTWPIFNRDTTPNGNGTNLYGAQTFFLCLEDASGLSFGVFLMNSNAMEVVLQPAPAITYRTIGGILDFYVFLGNTPEQVVQEYLELIGRPALPSYWALGFHLSRYEYGTLDNMREVVERNRAAQLPYDVQHADIDYMDERRDFTYDSVDFKGFPEFVNELHNNGQKLVIIVDPAISNNSSSSKPYGPYDRGSDMKIWVNSSDGVTPLIGEVWPGQTVFPDYTNPNCAVWWTKEFELFHNQVEFDGIWIDMNEVSNFVDGSVSGCSTNNLNNPPFTPRILDGYLFCKTLCMDAVQHWGKQYDIHNLYGYSMAVATAEAAKTVFPNKRSFILTRSTFAGSGKFAAHWLGDNTATWDDLRWSIPGVLEFNLFGIPMVGPDICGFALDTPEELCRRWMQLGAFYPFSRNHNGQGYKDQDPASFGADSLLLNSSRHYLNIRYTLLPYLYTLFFRAHSRGDTVARPLLHEFYEDNSTWDVHQQFLWGPGLLITPVLDEGAEKVMAYVPDAVWYDYETGSQVRWRKQKVEMELPGDKIGLHLRGGYIFPTQQPNTTTLASRKNPLGLIIALDENKEAKGELFWDDGETKDTVANKVYLLCEFSVTQNRLEVNISQSTYKDPNNLAFNEIKILGTEEPSNVTVKHNGVPSQTSPTVTYDSNLKVAIITDIDLLLGEAYTVEWAH,4.21,ACR,C[C@@H]1[C@H]([C@@H]([C@H]([C@H](O1)O[C@@H]2[C@H](O[C@@H]([C@@H]([C@H]2O)O)O[C@@H]3[C@H](O[C@@H]([C@@H]([C@H]3O)O)O)CO)CO)O)O)N[C@H]4C=C([C@H]([C@@H]([C@H]4O)O)O)CO
2qnq,PQITLWQRPLVTIKIGGQLKEALLDTGADDTVLEEMSLPGRWKPKMIGGIGGFIKVRQYDQILIEICGHKAIGTVLVGPTPVNIIGRNLLTQIGCTLNF,6.11,QN3,c1ccc(cc1)CN([C@H]2CNC[C@@H]2N(Cc3ccccc3)S(=O)(=O)c4ccccc4Cl)S(=O)(=O)c5ccccc5Cl
2qry,MGSSHHHHHHSSGLVPRGSHMKPVLTVYTYDSFAADWGPGPVVKKAFEADCNCELKLVALEDGVSLLNRLRMEGKNSKADVVLGLDNNLLDAASKTGLFAKSGVAADAVNVPGGWNNDTFVPFDYGYFAFVYDKNKLKNPPQSLKELVESDQNWRVIYQDPRTSTPGLGLLLWMQKVYGDDAPQAWQKLAKKTVTVTKGWSEAYGLFLKGESDLVLSYTTSPAYHILEEKKDNYAAANFSEGHYLQVEVAARTAASKQPELAQKFLQFMVSPAFQNAIPTGNWMYPVANVTLPAGFEKLTKPATTLEFTPAEVAAQRQAWISEWQRAVSR,8.64,TPS,Cc1c(sc[n+]1Cc2cnc(nc2N)C)CCOP(=O)(O)O
2r6w,NSLALSLTADQMVSALLDAEPPILYSEYDPTRPFSEASMMGLLTNLADRELVHMINWAKRVPGFVDLTLHDQVHLLESAWLEILMIGLVWRSMEHPGKLLFAPNLLLDRNQGKSVEGMVEIFDMLLATSSRFRMMNLQGEEFVCLKSIILLNSGVYTFLSSTLKSLEEKDHIHRVLDKITDTLIHLMAKAGLTLQQQHQRLAQLLLILSHIRHMSNKGMEHLYSMKSKNVVPLYDLLLEMLDAHRLHA,9.36,LLB,CC1CCN(CC1)CCOc2ccc(cc2)C(=O)c3c4ccc(cc4sc3c5ccc(cc5)O)O
2rca,GSARPKLRVVTLVEHPFVFTRESDEDGQCPAGQLCLDPGTNDSARLDALFAALVNGSVPRTLRRCCYGYCIDLLERLAEDLAFDFELYIVGDGKYGALRDGRWTGLVGDLLAGRAHMAVTSFSINSARSQVVDFTSPFFSTSLGIMVRTRGTELSGIHDPKLHHPSQGFRFGTVWESSAEAYIKASFPEMHAHMRRHSAPTTPHGVAMLTSDPPKLNAFIMDKSLLDYEVSIDADCKLLTVGKPFAIEGYGIGLPQNSPLTSNLSEFISRYKSSGFIDLLHDKWYKMVPCGK,7.79,GLY,C(C(=O)O)N
2v7t,MAANSTRRPIIAFMSDLGTTDDSVAQCKGLMYSICPDVTVVDVCHSMTPWDVEEGARYIVDLPRFFPEGTVFATTTYPATGTTTRSVAVRIKQAAKGGARGQWAGSGAGFERAEGSYIYIAPNNGLLTTVLEEHGYLEAYEVTSPKVIPEQPEPTFYGREMVAIPSAHLAAGFPLSEVGRPLEDHEIVRFNRPAVEQDGEALVGVVSAIDHPFGNVWTNIHRTDLEKAGIGYGARLRLTLDGVLPFEAPLTPTFADAGEIGNIAIYLNSRGYLSIARNAASLAYPYHLKEGMSARVEAR,7.48,SAH,c1nc(c2c(n1)n(cn2)[C@H]3[C@@H]([C@@H]([C@H](O3)CSCC[C@@H](C(=O)O)N)O)O)N
2v7u,MAANSTRRPIIAFMSDLGTTDDSVAQCKGLMYSICPDVTVVDVCHSMTPWDVEEGARYIVDLPRFFPEGTVFATTTYPATGTTTRSVAVRIKQAAKGGARGQWAGSGAGFERAEGSYIYIAPNNGLLTTVLEEHGYLEAYEVTSPKVIPEQPEPTFYGREMVAIPSAHLAAGFPLSEVGRPLEDHEIVRFNRPAVEQDGEALVGVVSAIDHPFGNVWTNIHRTDLEKAGIGYGARLRLTLDGVLPFEAPLTPTFADAGEIGNIAIYLNSRGYLSIARNAASLAYPYHLKEGMSARVEAR,5.9,SAM,C[S@@+](CC[C@@H](C(=O)[O-])N)C[C@@H]1[C@H]([C@H]([C@@H](O1)n2cnc3c2ncnc3N)O)O
2v7v,MAANSTRRPIIAFMSDLGTTDDSVAQCKGLMYSICPDVTVVDVCHSMTPWDVEEGARYIVDLPRFFPEGTVFATTTYPATGTTTRSVAVRIKQAAKGGARGQWAGSGAGFERAEGSYIYIAPNNGLLTTVLEEHGYLEAYEVTSPKVIPEQPEPTFYSREMVAIPSAHLAAGFPLSEVGRPLEDHEIVRFNRPAVEQDGEALVGVVSAIDHPFGNVWTNIHRTDLEKAGIGYGARLRLTLDGVLPFEAPLTPTFADAGEIGNIAIYLNSRGYLSIARNAASLAYPYHLKEGMSARVEAR,6.66,5FD,[H]/N=C/1C2C(N=CN1)N(C=N2)[C@H]3[C@@H]([C@@H]([C@H](O3)CF)O)O
2vhw,MRVGIPTETKNNEFRVAITPAGVAELTRRGHEVLIQAGAGEGSAITDADFKAAGAQLVGTADQVWADADLLLKVKEPIAAEYGRLRHGQILFTFLHLAASRACTDALLDSGTTSIAYETVQTADGALPLLAPMSEVAGRLAAQVGAYHLMRTQGGRGVLMGGVPGVEPADVVVIGAGTAGYNAARIANGMGATVTVLDINIDKLRQLDAEFCGRIHTRYSSAYELEGAVKRADLVIGAVLVPGAKAPKLVSNSLVAHMKPGAVLVDIAIDQGGCFEGSRPTTYDHPTFAVHDTLFYCVANMPASVPKTSTYALTNATMPYVLELADHGWRAACRSNPALAKGLSTHEGALLSERVATDLGVPFTEPASVLAHHHHHH,5.09,NAI,c1nc(c2c(n1)n(cn2)[C@H]3[C@@H]([C@@H]([C@H](O3)CO[P@](=O)(O)O[P@@](=O)(O)OC[C@@H]4[C@H]([C@H]([C@@H](O4)N5C=CCC(=C5)C(=O)N)O)O)O)O)N
2vkm,GSFVEMVDNLRGKSGQGYYVEMTVGSPPQTLNILVDTGSSNFAVGAAPHPFLHRYYQRQLSSTYRDLRKGVYVPYTQGKWEGELGTDLVSIPHGPNVTVRANIAAITESDKFFINGSNWEGILGLAYAEIARPDDSLEPFFDSLVKQTHVPNLFSLQLCGAGFPLNQSEVLASVGGSMIIGGIDHSLYTGSLWYTPIRREWYYEVIIVRVEINGQDLKMDCKEYNYDKSIVDSGTTNLRLPKKVFEAAVKSIKAASSTEKFPDGFWLGEQLVCWQAGTTPWNIFPVISLYLMGEVTNQSFRITILPQQYLRPVEDVATSQDDCYKFAISQSSTGTVMGAVIMEGFYVVFDRARKRIGFAVSACHVHDEFRTAAVEGPFVTLDMEDCGYN,8.74,BSD,C[C@H](c1ccccc1)NC(=O)c2cc(cc(c2)[N@@](C)S(=O)(=O)C)C(=O)N[C@@H](Cc3ccccc3)[C@@H](CNCc4cccc(c4)OC)O
2vw5,MASETFEFQAEITQLMSLIINTVYSNKEIFLRELISNASDALDKIRYKSLSDPKQLETEPDLFIRITPKPEQKVLEIRDSGIGMTKAELINNLGTIAKSGTKAFMEALSAGADVSMIGQFGVGFYSLFLVADRVQVISKSNDDEQYIWESNAGGSFTVTLDEVNERIGRGTILRLFLKDDQLEYLEEKRIKEVIKRHSEFVAYPIQLVVTKEVE,8.52,BC6,C[C@H]1CCC=C(C(=O)Nc2cc(cc(c2)O)C[C@H](C[C@@H]([C@@H]([C@H](C=C([C@@H]1OC(=O)N)/C)C)O)OC)C)/C
2z8f,MDTAGDTKTTDDGGVVNITYMHRLPDSEGMTLVNDIVAKWNKQHPDIQVKATKFDGKASDMIKKLETDVKSGEAPDLAQVGYAELPEVFTKGLLQDVTQYAEQYKNDFASGPYSLVQVGGKAYGLPQDTGPLVYFYNKAEFEKLGITEIPQTADEFIAAAKTAAAAGKYIMSYQPDEAGNMISGLAGASGGWYKVKGDSWVVNTETDGSKATADFYQQLLDAKAATTNPRWDPSFDASIKDGSLIGTVAAAWEAPLFMTSSGGTGSGEWQVAQLGDWFGNAGKTGPDGGSAVAVLKNSKHPKEAMEFLDWFNTQVPDLVSQGLVPAATTEDAETPSEWSTFFGGQDIMKEFKTANNNMGDFTYMPGFSAVAAKMNETAAKATDGSGKVADIFSDAQTTSVDTLKNFGLSVSE,4.96,BGC-GAL-NAG-GAL,CC(=O)N[C@H]1[C@H](O[C@H]2[C@@H](O)[C@@H](CO)O[C@@H](O[C@@H]3[C@@H](CO)O[C@@H](O)[C@H](O)[C@H]3O)[C@@H]2O)O[C@H](CO)[C@@H](O)[C@@H]1O[C@@H]1O[C@H](CO)[C@H](O)[C@H](O)[C@H]1O
2zlz,MTDTQYIGRFAPSPSGELHFGSLIAALGSYLQARARQGRWLVRIEDIDPPREVPGAAETILRQLEHYGLHWDGDVLWQSQRHDAYREALAWLHEQGLSYYCTCTRARIQSIGGIYDGHCRVLHHGPDNAAVRIRQQHPVTQFTDQLRGIIHADEKLAREDFIIHRRDGLFAYNLAVVVDDHFQGVTEIVRGADLIEPTVRQISLYQLFGWKVPDYIHLPLALNPQGAKLSKQNHAPALPKGDPRPVLIAALQFLGQQAEAHWQDFSVEQILQSAVKNWRLTAVPESAIVNSTFSNASC,2.68,GLU,[NH3+][C@@H](CCC(=O)[O-])C(=O)[O-]
3c7i,IEMKPHPWFFGKIPRAKAEEMLSKQRHDGAFLIRESESAPGDFSLSVKFGNDVQHFKVLRDGAGKYFLWVVKFNSLNELVDYHRSTSVSRNQQIFLRDIEQVPQQPTYVQHHHHHH,5.64,TVN,CC(C)[C@@H](C(=O)N[C@@H](CC(=O)N)C(=O)N)NC(=O)[C@H](Cc1ccc(cc1)OP(=O)(O)O)CC(=O)NC
3d2r,ASVPREVEHFSRYSPSPLSMKQLLDFGSENACERTSFAFLRQELPVRLANILKEIDILPTQLVNTSSVQLVKSWYIQSLMDLVEFHEKSPDDQKALSDFVDTLIKVRNRHHNVVPTMAQGIIEYKDACTVDPVTNQNLQYFLDRFYMNRISTRMLMNQHILIFSDSQTGNPSHIGSIDPNCDVVAVVQDAFECSRMLCDQYYLSSPELKLTQVNGKFPDQPIHIVYVPSHLHHMLFELFKNAMRATVEHQENQPSLTPIEVIVVLGKEDLTIKISDRGGGVPLRIIDRLFSYTYSTAPTPVMDNSRNAPLAGFGYGLPISRLYAKYFQGDLNLYSLSGYGTDAIIYLKALSSESIEKLPVFNKSAFKHYQMSSEADDWCIPSREPKNLAKEVAM,5.48,ADP,c1nc(c2c(n1)n(cn2)[C@H]3[C@@H]([C@@H]([C@H](O3)CO[P@](=O)(O)OP(=O)(O)O)O)O)N
3e92,MKKGHHLHHHGMSQERPTFYRQELNKTIWEVPERYQNLSPVGSGAYGSVCAAFDTKTGLRVAVKKLSRPFQSIIHAKRTYRELRLLKHMKHENVIGLLDVFTPARSLEEFNDVYLVTHLMGADLNNIVKCQKLTDDHVQFLIYQILRGLKYIHSADIIHRDLKPSNLAVNEDCELKILDFGLARHTDDEMTGYVATRWYRAPEIMLNWMHYNQTVDIWSVGCIMAELLTGRTLFPGTDHIDQLKLILRLVGTPGAELLKKISSESARNYIQSLTQMPKMNFANVFIGANPLAVDLLEKMLVLDSDKRITAAQALAHAYFAQYHDPDDEPVADPYDQSFESRDLLIDEWKSLTYDEVISFVPPPLDQEEMES,8.0,G6A,Cc1ccc(cc1c2ccc(cc2C)c3nnc(o3)C)C(=O)NC4CC4
3ene,SEESQAFQRQLTALIGYDVTDVSNVHDDELEFTRRGLVTPRMAEVASRDPKLYAMHPWVTSKPLPEYLWKKIANNCIFIVIHRSTTSQTIKVSPDDTPGAILQSFFTKMAKKKSLMDIPESQSEQDFVLRVCGRDEYLVGETPIKNFQWVRHCLKNGEEIHVVLDTPPDPALDEVRKEEWPLVDDCTGVTGYHEQLTIHGKDHESVFTVSLWDCDRKFRVKIRGIDIPVLPRNTDLTVFVEANIQHGQQVLCQRRTSPKPFTEEVLWNVWLEFSIKIKDLPKGALLNLQIYCGKAPALSSKASAESPSSESKGKVRLLYYVNLLLIDHRFLLRRGEYVLHMWQISGKGEDQGSFNADKLTSATNPDKENSMSISILLDNYCHPIALPKHQPTPDPEGDRVRAEMPNQLRKQLEAIIATDPLNPLTAEDKELLWHFRYESLKHPKAYPKLFSSVKWGQQEIVAKTYQLLARREVWDQSALDVGLTMQLLDCNFSDENVRAIAVQKLESLEDDDVLHYLLQLVQAVKFEPYHDSALARFLLKRGLRNKRIGHFLFWFLRSEIAQSRHYQQRFAVILEAYLRGCGTAMLHDFTQQVQVIEMLQKVTLDIKSLSAEKYDVSSQVISQLKQKLENLQNSQLPESFRVPYDPGLKAGALAIEKCKVMASKKKPLWLEFKCADPTALSNETIGIIFKHGDDLRQDMLILQILRIMESIWETESLDLCLLPYGCISTGDKIGMIEIVKDATTIAKIQQSTVGNTGAFKDEVLNHWLKEKSPTEEKFQAAVERFVYSCAGYCVATFVLGIGDRHNDNIMITETGNLFHIDFGHILGNYKSFLGINKERVPFVLTPDFLFVMGTSGKKTSPHFQKFQDICVKAYLALRHHTNLLIILFSMMLMTGMPQLTSKEDIEYIRDALTVGKNEEDAKKYFLDQIEVCRDKGWTVQFNWFLHLVLGIKQGEKHSA,6.24,NPZ,Cn1c2c(c(n1)c3ccc4ccccc4c3)c(ncn2)N
3f3d,MEVKREHWATRLGLILAMAGNAVGLGNFLRFPVQAAENGGGAFMIPYIIAFLLVGIPLMWIEWAMGRYGGAQGHGTTPAIFYLLWRNRFAKILGVFGLWIPLVVAIYYVYIESWTLGFAIKFLVGLVPEPPPNATDPDSILRPFKEFLYSYIGVPKGDEPILKPSLFAYIVFLITMFINVSILIRGISKGIERFAKIAMPTLFILAVFLVIRVFLLETPNGTAADGLNFLWTPDFEKLKDPGVWIAAVGQIFFTLSLGFGAIITYASYVRKDQDIVLSGLTAATLNEKAEVILGGSISIPAAVAFFGVANAVAIAKAGAFNLGFITLPAIFSQTAGGTFLGFLWFFLLFFAGLTSSIAIMQPMIAFLEDELKLSRKHAVLWTAAIVFFSAHLVMFLNKSLDEMDFWAGTIGVVFFGLTELIIFFWIFGADKAWEEINRGGIIKVPRIYYYVMRYITPAFLAVLLVVWAREYIPKIMEETHWTVWITRFYIIGLFLFLTFLVFLAERRRNHESAGTLVPR,6.63,MET,CSCC[C@@H](C(=O)O)N
3f4j,MEVKREHWATRLGLILAMAGNAVGLGNFLRFPVQAAENGGGAFMIPYIIAFLLVGIPLMWIEWAMGRYGGAQGHGTTPAIFYLLWRNRFAKILGVFGLWIPLVVAIYYVYIESWTLGFAIKFLVGLVPEPPPNATDPDSILRPFKEFLYSYIGVPKGDEPILKPSLFAYIVFLITMFINVSILIRGISKGIERFAKIAMPTLFILAVFLVIRVFLLETPNGTAADGLNFLWTPDFEKLKDPGVWIAAVGQIFFTLSLGFGAIITYASYVRKDQDIVLSGLTAATLNEKAEVILGGSISIPAAVAFFGVANAVAIAKAGAFNLGFITLPAIFSQTAGGTFLGFLWFFLLFFAGLTSSIAIMQPMIAFLEDELKLSRKHAVLWTAAIVFFSAHLVMFLNKSLDEMDFWAGTIGVVFFGLTELIIFFWIFGADKAWEEINRGGIIKVPRIYYYVMRYITPAFLAVLLVVWAREYIPKIMEETHWTVWITRFYIIGLFLFLTFLVFLAERRRNHESAGTLVPR,3.49,GLY,C(C(=O)O)N
